,Query_ID,Hotel_ID,Distance_from_city_center,Average_review_score,Price_per_night,Amenities_count,Relevance
0,1,A,0.5,4.5,150.0,5,2
1,1,B,1.5,4.2,100.0,4,1
2,1,C,2.0,3.8,80.0,3,1
3,1,D,3.0,3.5,70.0,2,0
4,2,A,0.5,4.5,150.0,5,1
5,2,B,1.5,4.2,100.0,4,2
6,2,C,2.0,3.8,80.0,3,1
7,2,D,3.0,3.5,70.0,2,0
8,3,A,0.5,4.5,150.0,5,1
9,3,B,1.5,4.2,100.0,4,1
10,3,C,2.0,3.8,80.0,3,2
11,3,D,3.0,3.5,70.0,2,0
12,1,A_1,0.5128699962672346,4.416566864649319,150.00272222816824,4,2
13,1,B_1,1.454575928360967,4.15689572524951,100.04420909075975,4,1
14,1,C_1,1.9810748446970587,3.824645542406187,79.99460097193285,2,1
15,1,D_1,2.9732542200612215,3.493784330192726,70.02778034921259,2,0
16,2,A_1,0.5429036673035813,4.596756814370017,150.0197453317975,5,1
17,2,B_1,1.4793495008842636,4.169077867250781,100.04186025113236,4,2
18,2,C_1,2.024909429224364,3.747658050689247,79.92960609148017,3,1
19,2,D_1,3.100509962378599,3.45551912056699,70.04039247068175,2,0
20,3,A_1,0.5631430772258827,4.500702026859856,149.99308581776796,4,1
21,3,B_1,1.4780392571566183,4.191958515691711,100.0093589292667,3,1
22,3,C_1,1.9826781053505675,3.911517982441597,79.98066709322433,2,2
23,3,D_1,3.0227659829778624,3.480044214073724,70.0829524364896,2,0
24,1,A_2,0.4350419327874573,4.500260284246778,150.1044529785602,5,2
25,1,B_2,1.550558343360538,4.234576595382126,99.94936453725998,3,1
26,1,C_2,1.9855779908616664,3.8222431079538652,79.99880129648652,3,1
27,1,D_2,2.9466143467322348,3.504513976624552,69.95192654749808,1,0
28,2,A_2,0.44611995512218183,4.407082855032995,149.99537169055168,4,1
29,2,B_2,1.4601613118490293,4.191670997804058,99.98881339594334,3,2
30,2,C_2,1.9256978709069807,3.8055438240068726,80.04164460810496,2,1
31,2,D_2,3.025706438283678,3.4652613677994504,70.04870597891951,2,0
32,3,A_2,0.5425895432221535,4.486541221703051,150.0081409078849,4,1
33,3,B_2,1.5479336718636716,4.135038742499461,99.99427539899479,4,1
34,3,C_2,1.9686757975436509,3.7839447276448706,80.05932342163084,2,2
35,3,D_2,3.0153965506437768,3.525293437108023,70.00898958254317,1,0
36,1,A_3,0.5048465883940098,4.395798026424334,149.98325152694522,5,2
37,1,B_3,1.490580782555976,4.205206082314631,100.03591754037548,3,1
38,1,C_3,2.0795801079186473,3.7924883252964334,79.89902689076607,3,1
39,1,D_3,3.029290541363739,3.4947091748444645,69.99209854754844,1,0
40,2,A_3,0.5101837696007521,4.478152293051207,149.97078924359639,5,1
41,2,B_3,1.4071739649800712,4.250956815813262,99.99648467511427,3,2
42,2,C_3,2.0189094728085233,3.738359838683451,80.0886590615013,2,1
43,2,D_3,3.0618070157585833,3.4962937730850276,69.97766853537063,2,0
44,3,A_3,0.4655014098232485,4.529819459137577,150.07446872893047,4,1
45,3,B_3,1.4900822653894126,4.1910303718934365,100.05501543606864,4,1
46,3,C_3,1.84871300635387,3.7954602466112823,80.0014948158977,2,2
47,3,D_3,2.9377186888294133,3.458746018554218,70.00435529054583,2,0
48,1,A_4,0.5628971984436083,4.605768571775824,150.1308721314318,5,2
49,1,B_4,1.5088812459357284,4.186286255724747,100.07543841871795,4,1
50,1,C_4,1.9992566291771388,3.7874927288329387,80.05064512435364,3,1
51,1,D_4,3.002021805716355,3.474558480003389,70.00215228702737,1,0
52,2,A_4,0.4989277615178028,4.529067036470421,150.06162523053194,5,1
53,2,B_4,1.5595828291498208,4.143344995969447,99.9826794579531,4,2
54,2,C_4,2.125243234265122,3.888719461229366,80.01659416917198,2,1
55,2,D_4,2.9333269436612524,3.537652316200132,70.05853479641927,1,0
56,3,A_4,0.4485863673156278,4.497409988411605,150.03033868458593,5,1
57,3,B_4,1.5681584832043314,4.1724147200269455,99.96676535036175,3,1
58,3,C_4,1.9428862703253627,3.8054128470029833,79.92336130631995,2,2
59,3,D_4,2.9313987267543755,3.5521984825712196,70.02507483048262,2,0
60,1,A_5,0.60077492074805,4.495102764213109,149.9342814226469,4,2
61,1,B_5,1.4484275933352952,4.162517520327836,100.04534075712512,4,1
62,1,C_5,1.9966241111862115,3.7788164655822025,80.03244661643166,2,1
63,1,D_5,2.998730922080152,3.5172826229441307,69.99551506370337,2,0
64,2,A_5,0.5102646597415977,4.511750890128426,149.98878105928924,5,1
65,2,B_5,1.4388180134482118,4.20969502588755,99.95561975763988,4,2
66,2,C_5,2.023371493916999,3.869613127464446,79.99168162100203,2,1
67,2,D_5,3.001835050785198,3.520397784653852,70.00617444870534,1,0
68,3,A_5,0.6019449682468828,4.635674012784685,149.89911570495647,5,1
69,3,B_5,1.519240539558936,4.208066746252076,100.03625965535683,4,1
70,3,C_5,1.9649736222457566,3.7796551904847044,79.89863780697574,3,2
71,3,D_5,2.9251422646562353,3.4251453269443832,70.01684891657246,1,0
72,1,A_6,0.5028350674196552,4.5474414631269084,150.01775976118444,5,2
73,1,B_6,1.516554010884092,4.237991492254863,100.03059678814864,3,1
74,1,C_6,1.9869109553230868,3.7979066485146253,80.02411264400581,2,1
75,1,D_6,2.964536754024599,3.4372879152836444,69.93902345122474,2,0
76,2,A_6,0.5083229592765097,4.439293108163866,149.9793753665135,5,1
77,2,B_6,1.5236661325633014,4.221722736168138,99.96277334275044,4,2
78,2,C_6,2.0261852088507832,3.7737277648924654,79.9413951726755,2,1
79,2,D_6,2.996223217114231,3.4862946821838707,69.91198617747983,2,0
80,3,A_6,0.46709804724525034,4.4435555637086335,150.02392894761834,5,1
81,3,B_6,1.5249633006625547,4.241163012551571,100.05897943179508,3,1
82,3,C_6,2.0200498865983025,3.705410567680739,79.97142921182613,2,2
83,3,D_6,2.9540476541266933,3.4976165004561866,70.03832892896784,1,0
84,1,A_7,0.4824709429849017,4.543315933542394,149.9576951964147,4,2
85,1,B_7,1.4660409689955864,4.254185357572658,99.98886788153105,4,1
86,1,C_7,1.9762351219228846,3.7436539298573375,79.97649707132697,3,1
87,1,D_7,2.9490259592824195,3.478188693391463,70.03918282205787,2,0
88,2,A_7,0.5277736539992268,4.514465831285779,150.05347293213217,4,1
89,2,B_7,1.447580279982558,4.185817164694254,99.9647149386109,4,2
90,2,C_7,2.0269438820375276,3.8165090862851083,80.05276973814041,2,1
91,2,D_7,3.033940615741425,3.573108900808049,69.9731515938214,2,0
92,3,A_7,0.42481560350739545,4.489742341148184,150.01451903786796,5,1
93,3,B_7,1.476380216730014,4.210645370669722,99.97958168998515,4,1
94,3,C_7,2.0454637618997293,3.7933308652146334,79.93196530443007,2,2
95,3,D_7,3.007891411724193,3.396800310476455,69.9602145011748,2,0
96,1,A_8,0.5027244908603251,4.472583469280082,150.0174226309135,4,2
97,1,B_8,1.447831982229078,4.182758536494189,99.92241535453192,3,1
98,1,C_8,1.9319608609147996,3.8296709684336236,80.02396273550383,3,1
99,1,D_8,2.988318603931828,3.5489077668724125,69.97316973669034,1,0
100,2,A_8,0.5010543478940154,4.510779002477203,149.90269216699667,4,1
101,2,B_8,1.3709534911056602,4.19175737485344,100.0661327910376,4,2
102,2,C_8,2.145476663998445,3.7299412297533125,79.98723955869438,2,1
103,2,D_8,2.9777282698511875,3.504373913989639,70.00197642576357,2,0
104,3,A_8,0.5647849129869579,4.448497879071045,150.0235951731039,4,1
105,3,B_8,1.501227759926382,4.200091666087769,100.06292402650546,3,1
106,3,C_8,2.0633518266178212,3.8605924723627374,79.96225388944457,2,2
107,3,D_8,3.110793789456367,3.5191894763478584,70.07290429826108,2,0
108,1,A_9,0.46969552887483734,4.514572388130811,149.99159725695085,5,2
109,1,B_9,1.3552665163208812,4.14947167783496,99.95808147298136,4,1
110,1,C_9,1.9245157663189703,3.7455518500896146,79.97099584914614,2,1
111,1,D_9,2.984504803866783,3.505526824541878,70.05027699047702,2,0
112,2,A_9,0.5452690479785258,4.592620048775252,149.9858270470166,4,1
113,2,B_9,1.527711249341168,4.2525104007081485,99.95351948329707,4,2
114,2,C_9,1.8920672675511794,3.829710461649685,79.92574806140057,3,1
115,2,D_9,3.027681090421981,3.446627284382479,69.99265023017512,1,0
116,3,A_9,0.5053780537099607,4.459260381567204,149.9845088307021,5,1
117,3,B_9,1.4736073654672217,4.233051918108716,100.07223396223016,4,1
118,3,C_9,1.9744911539794716,3.8399880959464583,79.95736037096468,2,2
119,3,D_9,3.0292898844676097,3.4595503441665545,69.95211234142911,2,0
120,1,A_10,0.5943392565597438,4.538801514680457,150.04961760351887,5,2
121,1,B_10,1.4148361013253596,4.249409619149007,100.07209985654886,4,1
122,1,C_10,2.050983904157439,3.7934072106968433,80.04735852773504,2,1
123,1,D_10,3.0376068685457898,3.479126840911465,70.02332073305209,2,0
124,2,A_10,0.4458844615537289,4.5255634391352695,150.09915733760164,4,1
125,2,B_10,1.525747578289691,4.289435444018875,99.9972885348795,4,2
126,2,C_10,1.9764739218623144,3.8079313758287694,79.99149611822222,3,1
127,2,D_10,3.0447910440750463,3.5214247609689404,69.90894280366768,1,0
128,3,A_10,0.45144077751285255,4.490892202141422,150.01662221592386,5,1
129,3,B_10,1.4505186734662419,4.217409750334317,100.03408331297258,3,1
130,3,C_10,2.094394143869649,3.775138450158084,80.05634448599854,2,2
131,3,D_10,3.0019422769496633,3.5185263066778516,69.99487087218527,1,0
132,1,A_11,0.5079749584368959,4.519977482283479,149.97290743804407,4,2
133,1,B_11,1.473101201421273,4.103445253329932,100.08575188540274,3,1
134,1,C_11,2.065550718252845,3.737313946396437,80.11792870783123,2,1
135,1,D_11,2.9342488283000554,3.5274900017028377,70.01013492273132,2,0
136,2,A_11,0.4616229985614253,4.518999001730448,150.07665615292828,5,1
137,2,B_11,1.4502580190913874,4.093514830948358,99.945250693321,3,2
138,2,C_11,2.008569300140592,3.8259605510779537,80.00383117075954,2,1
139,2,D_11,3.0693327713923906,3.532252337171691,69.95420610938213,1,0
140,3,A_11,0.5011489650792076,4.432924086273836,149.99260186236992,4,1
141,3,B_11,1.4903833069494699,4.281970402236184,99.95532264944282,4,1
142,3,C_11,2.062838804173392,3.808883087498814,79.98646439588887,2,2
143,3,D_11,3.1159590986265084,3.528190489637986,70.0341346771475,2,0
144,1,A_12,0.4904022356567598,4.514814813016468,149.96731591418018,4,2
145,1,B_12,1.5311434454985837,4.236955538369696,100.02735109510671,4,1
146,1,C_12,2.0545217871952697,3.7904362342557274,80.01816079080518,2,1
147,1,D_12,3.0378124638568402,3.5526581870006204,69.99254102126235,1,0
148,2,A_12,0.46341503434138903,4.59800430701537,150.03025186219145,4,1
149,2,B_12,1.5228814661284453,4.1599682822404125,99.98673662944275,3,2
150,2,C_12,2.0359249950050793,3.8351158232799625,80.02903644028622,2,1
151,2,D_12,2.990792190985828,3.571612279344914,69.87525685775317,1,0
152,3,A_12,0.5750593368468965,4.47305486220466,149.97795140405535,5,1
153,3,B_12,1.4931676391603412,4.138784973563644,100.00369046382085,4,1
154,3,C_12,1.9745307394406129,3.8304252134120156,79.94324045638712,2,2
155,3,D_12,2.969609920564296,3.5213169546113026,69.98776015304871,2,0
156,1,A_13,0.5332159630172126,4.5670715771314505,150.01238634577598,4,2
157,1,B_13,1.4942423320594869,4.202093221813833,100.04749265520316,3,1
158,1,C_13,1.9443240923105176,3.833294373286506,79.9506486647505,2,1
159,1,D_13,3.080680915654252,3.4361382621684204,69.91953776588954,2,0
160,2,A_13,0.451488758506826,4.52658874038191,150.0571085726593,4,1
161,2,B_13,1.4833464559324476,4.218351113188335,99.92513368424626,4,2
162,2,C_13,2.083995503638767,3.8068027691281747,79.89712238245853,2,1
163,2,D_13,3.0159470875587115,3.560342761652294,70.0745069547825,1,0
164,3,A_13,0.5363966592037459,4.575759879071501,149.96988072532258,4,1
165,3,B_13,1.5000775402605029,4.253317714625671,99.91529653323671,3,1
166,3,C_13,1.9923363950023227,3.8085559642101035,80.05481194665788,2,2
167,3,D_13,3.006470037988039,3.5125399076095007,69.99702717670704,2,0
168,1,A_14,0.5913506130523121,4.513420055584189,149.9834515097853,4,2
169,1,B_14,1.4383199277232332,4.117785686841039,100.05223577857531,3,1
170,1,C_14,2.01327782041266,3.8725242987794903,80.02324420138687,3,1
171,1,D_14,3.025973726927769,3.479891350088526,69.98145195947374,2,0
172,2,A_14,0.5502882534238531,4.555786633465465,149.92599811713285,5,1
173,2,B_14,1.4893292268813014,4.14529035640146,100.04949245517003,3,2
174,2,C_14,2.0159108441538716,3.7940178887035088,80.00342936068077,3,1
175,2,D_14,3.0120862174967584,3.502650770021731,69.95492350114526,1,0
176,3,A_14,0.5315664476518248,4.473707831910163,149.91464349782407,5,1
177,3,B_14,1.528111117161971,4.1590897832197555,100.08026738379434,4,1
178,3,C_14,1.8519465148881151,3.822502914849489,80.00898153227024,2,2
179,3,D_14,2.985890054379365,3.512640740437816,69.95914256395005,1,0
180,1,A_15,0.47463218222467285,4.469650055024477,150.02469514783036,5,2
181,1,B_15,1.4317901119414023,4.197456377110691,99.96767801132115,3,1
182,1,C_15,1.9916656349009327,3.841177524676398,79.97881940628493,3,1
183,1,D_15,3.0976393639585877,3.4795028333451885,70.03466118157519,1,0
184,2,A_15,0.5434510527605807,4.522951895035369,149.99404048362655,5,1
185,2,B_15,1.5479242295351614,4.147572916838435,99.95764156293609,3,2
186,2,C_15,2.0167064422075884,3.7828684446263217,79.99977950629678,3,1
187,2,D_15,3.0323822713261643,3.4721775028351454,70.07035476192591,1,0
188,3,A_15,0.49771794817903925,4.5319677051872524,149.98725540527352,5,1
189,3,B_15,1.4490113901728021,4.227406197033482,100.00080549345812,3,1
190,3,C_15,1.9558346467387093,3.8252963700345295,80.03801346009726,2,2
191,3,D_15,3.054425410270117,3.497201432201325,70.05659490124751,1,0
192,1,A_16,0.44341252647764867,4.497941277536491,149.9584711532117,5,2
193,1,B_16,1.5238889701093379,4.139496707049325,99.9767267041052,4,1
194,1,C_16,2.0884304319877183,3.8487624341123716,79.97153668495717,3,1
195,1,D_16,2.959867483429152,3.5192022963244507,69.99462475135329,1,0
196,2,A_16,0.48658985101048036,4.509501549670407,149.93383701055166,5,1
197,2,B_16,1.556128804353656,4.21786859066477,99.92696823660633,3,2
198,2,C_16,1.986777129304516,3.751757014480947,79.9918308123361,2,1
199,2,D_16,3.007422165648907,3.4124641392093236,70.01995017483718,1,0
200,3,A_16,0.3988759203818089,4.570804241714956,149.9859395448891,5,1
201,3,B_16,1.5274895161410917,4.232896148465465,100.05408629383106,4,1
202,3,C_16,1.9400595881104203,3.9024587203504955,80.00329650545845,3,2
203,3,D_16,2.9907287872997808,3.491765462057917,69.97705798543308,1,0
204,1,A_17,0.45400742336637506,4.516844326090951,149.94520799515237,5,2
205,1,B_17,1.445793137940898,4.244861962188898,99.95855919550316,3,1
206,1,C_17,1.9498637209021872,3.891496673001916,79.98183832441113,2,1
207,1,D_17,2.961704787938739,3.5044750147500072,70.00144372204973,1,0
208,2,A_17,0.4570892556633225,4.449615938954498,149.98165898750284,5,1
209,2,B_17,1.5332437803860244,4.122469148425681,100.00059190871544,3,2
210,2,C_17,1.9857267128744984,3.748918337765205,80.07913974207784,2,1
211,2,D_17,2.9833482253549857,3.5026538575042436,70.05446688023433,1,0
212,3,A_17,0.47978092400713185,4.589197010762254,149.99254237151106,5,1
213,3,B_17,1.5228592800399803,4.177188574067746,99.89789891348985,3,1
214,3,C_17,2.025871121170607,3.8935026045553016,80.01336107195401,2,2
215,3,D_17,3.04799158715341,3.5041831903671627,70.01230189914038,2,0
216,1,A_18,0.4761655386306167,4.5254264888922044,149.9156051635414,4,2
217,1,B_18,1.5043724564058893,4.247247681352246,100.01974566272219,3,1
218,1,C_18,1.9876385850911718,3.830426071574568,79.97608939002457,3,1
219,1,D_18,3.008142068526417,3.5366632809611986,70.06119536512402,2,0
220,2,A_18,0.5404153661891404,4.504576811687252,149.90727755344017,4,1
221,2,B_18,1.516850524494272,4.174311181625578,100.05849046929792,4,2
222,2,C_18,2.039497559059949,3.862404891244865,79.98129713851041,3,1
223,2,D_18,2.9981732534823333,3.509177930283233,70.02307452573396,2,0
224,3,A_18,0.5009723029110511,4.39564324935025,149.9563135968296,4,1
225,3,B_18,1.4718353964345676,4.190678415941147,100.0196712269633,3,1
226,3,C_18,1.972719168451958,3.777097228218657,79.93362215565395,2,2
227,3,D_18,2.9664996991699875,3.4935431476079253,70.02438298957422,1,0
228,1,A_19,0.5583714338202794,4.582656353270745,149.8808918302582,5,2
229,1,B_19,1.4764086601300295,4.19720472212032,100.03253940563312,4,1
230,1,C_19,1.9456318684701817,3.771660617613286,80.07644224676416,3,1
231,1,D_19,3.053309102450248,3.535316492643932,69.96728623071026,2,0
232,2,A_19,0.5151784087001149,4.568555616377863,149.96373886675013,4,1
233,2,B_19,1.4772869050204687,4.115944888112158,99.94499007593184,3,2
234,2,C_19,2.099883910590792,3.781201209339306,79.99753420601618,2,1
235,2,D_19,3.021204577308596,3.5324735783867975,70.03101341077945,1,0
236,3,A_19,0.4301260980574853,4.5467370768834945,149.95406993902114,5,1
237,3,B_19,1.424963027707978,4.178921731279367,100.03162014079125,4,1
238,3,C_19,1.9581273696830181,3.8184635966330656,80.07142860176334,2,2
239,3,D_19,3.053525600263952,3.5719049345521414,70.0622752926923,1,0
240,1,A_20,0.4485280615101281,4.438410204562574,150.02894140109856,4,2
241,1,B_20,1.5731688457143647,4.128995285012639,99.99990988816478,4,1
242,1,C_20,2.098215481897783,3.766048599442066,79.98806053892865,2,1
243,1,D_20,3.0882886590757077,3.4934102537402665,70.06113160447988,2,0
244,2,A_20,0.5131032350662975,4.447621454272766,150.01380459615564,4,1
245,2,B_20,1.4400886497809022,4.285644657033371,99.98564464629743,4,2
246,2,C_20,1.9660533972416907,3.758539382461685,80.02167828806405,3,1
247,2,D_20,3.037803397140936,3.4897205482680356,69.9517490914184,2,0
248,3,A_20,0.6163463015701132,4.456753336284296,149.97921872098615,4,1
249,3,B_20,1.5398055549126786,4.142208686937621,100.06699128514171,3,1
250,3,C_20,1.9998949433943076,3.7604316658414945,80.09729364012173,3,2
251,3,D_20,3.0071453030460793,3.582108893625362,69.94760606298858,1,0
252,1,A_21,0.45133794778860914,4.557684138845663,150.01363110156655,5,2
253,1,B_21,1.4299868264826288,4.114470526316687,100.01517965342742,3,1
254,1,C_21,2.046401014425487,3.7663217506276885,80.02270896771554,2,1
255,1,D_21,3.0288948525355623,3.516014466657017,69.99282830454605,1,0
256,2,A_21,0.5617100724720913,4.509452523931681,149.99389628806202,5,1
257,2,B_21,1.4548575466654239,4.178026103017345,100.05112525164735,4,2
258,2,C_21,1.972669148005383,3.7988259037691763,79.96856109659882,3,1
259,2,D_21,3.0869577816930955,3.4947884979949997,69.9437990962165,2,0
260,3,A_21,0.5456514391683834,4.527369698452618,150.02826087985483,4,1
261,3,B_21,1.5393311006888573,4.223927824501488,100.02473801977253,4,1
262,3,C_21,2.0313387596661268,3.8083538953463565,80.05498443074535,3,2
263,3,D_21,2.9030034500851887,3.5231962217897714,70.00408650549267,1,0
264,1,A_22,0.49644917875326966,4.479997879257549,150.0719531673602,4,2
265,1,B_22,1.5758486666839362,4.167889669767477,99.99696875980958,4,1
266,1,C_22,2.09897024042298,3.8026451481694408,79.91219248232267,2,1
267,1,D_22,3.090050965776683,3.4624362236415167,70.0219533053923,2,0
268,2,A_22,0.43902090713620096,4.573530739284644,150.01577956481484,5,1
269,2,B_22,1.5238754287812972,4.186183042055426,99.98949745307188,3,2
270,2,C_22,2.082347499811953,3.817373425505119,79.98492289588287,3,1
271,2,D_22,3.0020252713216027,3.4891002872581525,70.00068888923323,1,0
272,3,A_22,0.5836807542542711,4.564330896244251,150.0059952707188,4,1
273,3,B_22,1.5013556307875053,4.211215053022457,100.04929406147731,4,1
274,3,C_22,2.0285070938032046,3.8386377032145695,79.98939460993878,2,2
275,3,D_22,2.9795614141367515,3.5140200937138557,70.04185029113378,2,0
276,1,A_23,0.44809253582324204,4.527929063562419,150.00951349839247,5,2
277,1,B_23,1.5553050625980887,4.216499485174407,100.04104736867077,3,1
278,1,C_23,1.9846511822862456,3.750325551471736,79.99867739611146,3,1
279,1,D_23,2.9765110343968697,3.5019662282349096,69.99089861650914,1,0
280,2,A_23,0.48066951098503197,4.487230864529422,149.95254005812438,4,1
281,2,B_23,1.4552212506424584,4.063090436201747,99.98461954955899,3,2
282,2,C_23,1.9906941529620008,3.808040202743101,79.96740084698305,3,1
283,2,D_23,2.899881715260305,3.537845947773363,70.09415311943074,1,0
284,3,A_23,0.594236086982066,4.4407589218175385,150.02873614748862,5,1
285,3,B_23,1.5365991811924147,4.17955830594162,100.0746264183229,3,1
286,3,C_23,2.0019180771876766,3.8029470079593413,80.07096035466297,2,2
287,3,D_23,2.9203074037449115,3.4597361122158183,69.93732797729969,1,0
288,1,A_24,0.48138296547179643,4.514255089272938,150.0258406495481,4,2
289,1,B_24,1.4339952682537347,4.237533485762931,100.0271055637764,4,1
290,1,C_24,2.0042523365188485,3.7633320987811993,80.03081893684393,2,1
291,1,D_24,3.0580721174851315,3.5592644302210066,70.05952417798697,2,0
292,2,A_24,0.4793786492321972,4.480476452587103,150.01484720938325,4,1
293,2,B_24,1.5965587437390063,4.151532566872497,100.00870741911183,4,2
294,2,C_24,2.0100574446859905,3.8034534705318417,79.93973121989514,2,1
295,2,D_24,3.049432037860595,3.4497607541657245,69.96362957597186,1,0
296,3,A_24,0.5287669001101942,4.444114121626532,150.02007236016172,4,1
297,3,B_24,1.467991195279929,4.137858360478233,99.93315380411238,4,1
298,3,C_24,2.021289161362256,3.909656487988666,80.04166874121961,3,2
299,3,D_24,2.9808955123281655,3.539160988567573,69.99825212685215,1,0
300,1,A_25,0.47961059761019426,4.461288139220404,149.95414109087702,5,2
301,1,B_25,1.512111019533525,4.185417046183043,100.01313175580945,4,1
302,1,C_25,2.026339962378422,3.8064596759394718,80.01302748919088,3,1
303,1,D_25,2.9827225818219563,3.5285448427857316,69.90935164818026,1,0
304,2,A_25,0.5010513316129513,4.463470220463596,149.9775729824541,5,1
305,2,B_25,1.541198106729723,4.198070975346249,100.0142465151273,3,2
306,2,C_25,2.0479135530252055,3.741095893446833,79.9243402388766,3,1
307,2,D_25,2.8883498634567824,3.4997180034865867,69.97420283903065,2,0
308,3,A_25,0.4939953132788808,4.503684332768816,150.02910305477806,5,1
309,3,B_25,1.4760577202447582,4.13922495658121,100.02016136244676,3,1
310,3,C_25,2.010139405999651,3.8514577318978005,79.93432668030806,2,2
311,3,D_25,3.032093773361311,3.5306668907226237,70.05506309913024,1,0
312,1,A_26,0.5207905467465334,4.5090146536528914,150.0581469806872,5,2
313,1,B_26,1.4017539626023872,4.229559117083872,99.98910392699597,3,1
314,1,C_26,2.0110445336241147,3.8493203209202713,79.978941880751,2,1
315,1,D_26,2.9748899838938816,3.521272707525597,70.02709045962668,1,0
316,2,A_26,0.45824707707324264,4.562123364446942,150.0175413738025,5,1
317,2,B_26,1.5163110416161494,4.137568775472879,100.04729619106853,4,2
318,2,C_26,1.9715647506203458,3.783578632421998,79.96592637231842,3,1
319,2,D_26,2.970309802390619,3.46009702976697,69.92682695483853,1,0
320,3,A_26,0.47380731566249623,4.408275509833495,149.9545787326183,4,1
321,3,B_26,1.4465943418607925,4.223958316527046,99.94866640781231,3,1
322,3,C_26,2.0159056179620207,3.8396588322610814,80.01804524414165,2,2
323,3,D_26,2.909877589477967,3.497280614093094,70.03757045861725,2,0
324,1,A_27,0.5233221008662083,4.49587497589943,149.96072071839708,4,2
325,1,B_27,1.4385442220706863,4.15185442245448,99.94788404478672,4,1
326,1,C_27,2.0560005038651403,3.8049881571359636,79.95616491426195,3,1
327,1,D_27,2.9872817478993765,3.5219107709240154,69.97019899038415,1,0
328,2,A_27,0.5037782537173473,4.448694533113836,150.0281665784517,4,1
329,2,B_27,1.5497099774637089,4.249121756328174,100.05307965814121,4,2
330,2,C_27,2.021534335056806,3.8556868525305497,79.93320875060166,2,1
331,2,D_27,2.9750735345699715,3.527996405497224,70.02698664218978,2,0
332,3,A_27,0.5215643097478696,4.441385975716424,150.03479011883155,5,1
333,3,B_27,1.4232071797922536,4.209929177375288,100.03387407417239,4,1
334,3,C_27,1.9328349849837032,3.8504078417861063,80.05287623585001,2,2
335,3,D_27,3.028779620619264,3.4666471901992066,69.9397059123671,1,0
336,1,A_28,0.46714267832178835,4.454855868151727,149.99749931603904,5,2
337,1,B_28,1.5184101198181386,4.1842378663043105,100.00878408883412,3,1
338,1,C_28,2.03283792447989,3.724370670061498,80.01172413413363,2,1
339,1,D_28,3.0124802509696935,3.551078604261316,70.01580726631575,1,0
340,2,A_28,0.4791827190229143,4.512843189750991,150.0469607382708,4,1
341,2,B_28,1.5009952171274623,4.289349420210621,100.08764053903896,3,2
342,2,C_28,1.9894769736862514,3.846096784988313,79.98556163432131,3,1
343,2,D_28,3.002287084340186,3.5152617784204194,69.95335820941479,2,0
344,3,A_28,0.5183267903869045,4.533445658336046,149.97854581774916,5,1
345,3,B_28,1.5112494148093352,4.264963618639423,100.045460814058,3,1
346,3,C_28,1.9953865904456465,3.778545437345095,79.99563138655868,2,2
347,3,D_28,2.934651214945082,3.514744560152888,69.93215679755598,2,0
348,1,A_29,0.5482899214175577,4.426242218382245,149.9853544681846,4,2
349,1,B_29,1.4816871370413447,4.250371641636691,99.99652200707759,3,1
350,1,C_29,1.9717239482302378,3.772394027613569,80.0261163595365,3,1
351,1,D_29,3.0715719360774987,3.532388978762752,70.05032979368711,2,0
352,2,A_29,0.559568372852485,4.514217506646136,149.93854495102795,5,1
353,2,B_29,1.4668879781403426,4.316437033392452,100.04589738622833,3,2
354,2,C_29,2.0246115540887146,3.784009101679904,80.02495879382474,3,1
355,2,D_29,3.0137721207074346,3.528859211667106,70.04669973695268,1,0
356,3,A_29,0.4974815791137405,4.5382133665720765,149.9546562692287,4,1
357,3,B_29,1.5410938712846007,4.195359512722041,99.94712808316193,4,1
358,3,C_29,2.0209054321300806,3.811387640832406,79.99471301071026,3,2
359,3,D_29,2.944504427236523,3.481464184658128,69.9611069105285,2,0
360,1,A_30,0.4799094288321643,4.383603587058789,149.95818729471233,4,2
361,1,B_30,1.4500163495798695,4.208514576791704,99.96395352600277,4,1
362,1,C_30,2.086893822104095,3.7537171693678317,79.95225261099915,2,1
363,1,D_30,2.976944718440746,3.467762749100761,69.97016343915617,1,0
364,2,A_30,0.5945725956421932,4.465309615029212,150.01992742264153,5,1
365,2,B_30,1.5374840944724648,4.176062443112388,99.99654577033373,4,2
366,2,C_30,2.011605148335825,3.808200924142159,80.05788546301268,3,1
367,2,D_30,3.032532300196814,3.47190313282146,69.98381128523721,1,0
368,3,A_30,0.5587776928539516,4.524623570272546,149.942492942298,5,1
369,3,B_30,1.5337753608254585,4.175586246503014,100.00201585224279,4,1
370,3,C_30,1.9098859030436888,3.6581267043528016,79.99900085392638,2,2
371,3,D_30,3.0549488947608334,3.4238474462289457,70.04545810443615,2,0
372,1,A_31,0.6139126207901657,4.588149587442574,150.02803795348754,4,2
373,1,B_31,1.5938923212307974,4.148956810453451,100.01646926590587,4,1
374,1,C_31,1.9670357622288068,3.796762880890193,80.04864369694837,3,1
375,1,D_31,2.9698268930554437,3.494379876497276,69.95264960147637,1,0
376,2,A_31,0.5767497981486547,4.466917596504781,150.00247956943642,4,1
377,2,B_31,1.560755042134717,4.163191780942392,100.07699126391934,3,2
378,2,C_31,1.9412824180934392,3.753516135736839,80.0736376275128,3,1
379,2,D_31,3.033970381136857,3.486967594582456,69.98917628304771,2,0
380,3,A_31,0.5821179964198809,4.4770039373755495,150.04441945473425,5,1
381,3,B_31,1.634735085584905,4.164743136734087,99.99817370173763,4,1
382,3,C_31,1.9552546913648314,3.723117006459238,80.02857603274138,2,2
383,3,D_31,2.9678104380747254,3.5869248350121605,70.00914520789571,2,0
384,1,A_32,0.5236030562187635,4.574316620714384,149.87216712429114,5,2
385,1,B_32,1.4949489580432342,4.224061624278782,99.94024216936256,3,1
386,1,C_32,1.995627777484755,3.721868853895223,80.02544526784025,2,1
387,1,D_32,3.04685180098556,3.5724506245229044,70.04693411414328,1,0
388,2,A_32,0.540341375537199,4.60936367265184,149.98959254439626,4,1
389,2,B_32,1.501078700251479,4.256165204877408,100.03242029049157,3,2
390,2,C_32,1.9047106081112832,3.8352122296491635,79.9855650816667,3,1
391,2,D_32,2.914313623348281,3.584218172478433,69.99042752382118,1,0
392,3,A_32,0.42633389497285945,4.47452589881373,149.96598028048064,4,1
393,3,B_32,1.4984504269031895,4.250301991793171,99.99658352538827,3,1
394,3,C_32,2.0222570174682066,3.8148440778880994,80.03046078573932,3,2
395,3,D_32,3.036862758137758,3.4933309510476276,70.03606179678842,2,0
396,1,A_33,0.5206513139824295,4.6074066064313035,149.99345122403582,4,2
397,1,B_33,1.4723083592849384,4.202837975334572,100.0679452932392,4,1
398,1,C_33,2.0586522928977704,3.871546272763137,80.04054045665808,2,1
399,1,D_33,3.0160692599432886,3.542049737103422,70.00550148956904,1,0
400,2,A_33,0.5158198005131223,4.453081218344597,150.06194379596823,4,1
401,2,B_33,1.5392305597845881,4.214154171858008,100.00676879563112,4,2
402,2,C_33,2.107000050745251,3.8229950669677577,80.05060318843191,2,1
403,2,D_33,2.901436319670615,3.521838673613416,70.04609360416985,2,0
404,3,A_33,0.512402705518417,4.538129009617333,149.9123323283505,5,1
405,3,B_33,1.4814755565892785,4.129977275008768,100.0927712596174,3,1
406,3,C_33,1.9563302889527423,3.8541879852219196,80.0482372151238,2,2
407,3,D_33,2.918863145270433,3.533102880371654,70.03996551733857,2,0
408,1,A_34,0.4459324020168929,4.433615932163785,150.07979624005276,4,2
409,1,B_34,1.4864912380468964,4.130094359101446,99.94980782243425,4,1
410,1,C_34,1.9048214955819953,3.786865793870325,80.01744279055991,2,1
411,1,D_34,2.9422212568847854,3.4017952029976595,70.0028116916746,2,0
412,2,A_34,0.4651739638470584,4.50997886855008,150.02872962787893,5,1
413,2,B_34,1.5372349556760982,4.230430408003078,100.01554311145425,4,2
414,2,C_34,1.9626197329708277,3.7041022901181955,80.0714741819853,3,1
415,2,D_34,2.9509371183182447,3.477500768703944,69.97644281065932,2,0
416,3,A_34,0.4821613271422059,4.49744976187879,149.94641326019422,4,1
417,3,B_34,1.5447927628424527,4.243719733513832,100.08939319199627,3,1
418,3,C_34,2.084703747603566,3.828028827035824,80.03367765901773,2,2
419,3,D_34,3.0128579507253264,3.4505595351116836,69.94080750683413,2,0
420,1,A_35,0.4406132015661146,4.445091572947019,150.02984288418543,5,2
421,1,B_35,1.5017684681825565,4.202922672702523,100.06030162005823,4,1
422,1,C_35,1.9027116515787657,3.7786193720128507,79.9970898301256,2,1
423,1,D_35,3.0107666010708285,3.4957293328004235,70.0143645511142,1,0
424,2,A_35,0.5197859608619528,4.546392878168617,150.08031501068052,5,1
425,2,B_35,1.4579931578633827,4.0412632458106765,100.0690831274598,3,2
426,2,C_35,1.9986615271314683,3.761129039460584,80.0872782257318,3,1
427,2,D_35,3.0358082831577367,3.4710844254583124,69.99007700687817,2,0
428,3,A_35,0.45422302802428965,4.536208720845598,149.97010645897092,4,1
429,3,B_35,1.529193578153381,4.304251795395058,100.01525160817985,4,1
430,3,C_35,2.0713738443842575,3.8272455026862624,79.92148372987276,3,2
431,3,D_35,3.0692587489080836,3.5559189978964776,69.89096683875869,2,0
432,1,A_36,0.3909983167181508,4.542232504173881,150.02511179588274,4,2
433,1,B_36,1.4960202343320983,4.157523702655926,100.0311425832203,4,1
434,1,C_36,2.0150601389308087,3.8573470613562826,79.95329441343998,3,1
435,1,D_36,2.998942344710374,3.5155207472113292,69.94711553085003,2,0
436,2,A_36,0.5789411474440058,4.466624026937092,149.97894210603417,5,1
437,2,B_36,1.5583221924188795,4.181469161285381,100.04521242402319,3,2
438,2,C_36,2.00995747402885,3.874285591878288,80.00584616943827,3,1
439,2,D_36,2.9459989938452544,3.3712182836237066,69.98967219910395,1,0
440,3,A_36,0.5321433390113609,4.5103174920441145,150.01838034883187,4,1
441,3,B_36,1.499982596939571,4.213234244417235,100.03618689588751,4,1
442,3,C_36,1.9370653279677839,3.89430651930776,80.06000450041452,3,2
443,3,D_36,2.9362032661956747,3.451095327340758,69.97099073715432,1,0
444,1,A_37,0.480307350550102,4.654931703969261,150.0040789660733,4,2
445,1,B_37,1.491107230054996,4.167242700367503,99.9811337522653,3,1
446,1,C_37,2.0224527740967626,3.811111184230627,79.89624628646938,2,1
447,1,D_37,2.939546538539509,3.5500065392550724,69.93315070476804,1,0
448,2,A_37,0.5637396338216426,4.431423013309793,149.9549950330688,4,1
449,2,B_37,1.4251403184577318,4.196937081609488,100.04536713647946,4,2
450,2,C_37,1.9720635772116375,3.888657031241018,79.97961314445628,3,1
451,2,D_37,3.0228213454176776,3.4589196780153095,70.04834423218526,1,0
452,3,A_37,0.5072125413597595,4.443368232258331,149.9957476975153,4,1
453,3,B_37,1.4339419413467165,4.223843567960252,99.96710224748549,4,1
454,3,C_37,2.043614086218812,3.7947799159727182,80.00059918538882,3,2
455,3,D_37,3.098859672264183,3.454435112034229,70.04298173853377,2,0
456,1,A_38,0.5647224002733081,4.5478736024289255,149.98597785459853,5,2
457,1,B_38,1.4528945691087287,4.139359741313359,99.94403008154475,4,1
458,1,C_38,2.0011071031746845,3.82590641594893,79.97793726508863,3,1
459,1,D_38,2.986006776151979,3.5559853258980105,70.0150679432785,2,0
460,2,A_38,0.584427964500781,4.468647236949018,150.03855985826075,4,1
461,2,B_38,1.477445376701796,4.194114624894587,100.01224961328808,4,2
462,2,C_38,2.0122790014884107,3.8939658116788967,79.96785170765362,3,1
463,2,D_38,3.0077792926126086,3.5249919978939186,70.03842522572015,2,0
464,3,A_38,0.4289868780063672,4.557079403516205,149.9833934807752,4,1
465,3,B_38,1.439505061304451,4.16948031143648,100.0585616619022,3,1
466,3,C_38,1.966505296115611,3.818829520723724,80.03468629170354,3,2
467,3,D_38,2.9568431863396714,3.504915606120345,70.01141559061055,1,0
468,1,A_39,0.4552937449162532,4.581023982673085,149.91105447890016,5,2
469,1,B_39,1.5192324389192953,4.295247814836868,100.07661488360012,4,1
470,1,C_39,2.010694087321843,3.6768037271285876,80.03868431970875,3,1
471,1,D_39,3.05242603418728,3.5568303246023807,70.00210075578167,2,0
472,2,A_39,0.4557798978042464,4.4583474624447605,149.99180923617527,4,1
473,2,B_39,1.534325075187722,4.231834990632244,100.09547670083963,4,2
474,2,C_39,1.9646242320664336,3.799588699726739,79.97072744281,3,1
475,2,D_39,3.077410490315796,3.4681144217598048,70.02882230995105,2,0
476,3,A_39,0.5462299765338487,4.4968009836796545,149.94521257412867,5,1
477,3,B_39,1.4882257762520463,4.229062599488642,100.03309955132977,3,1
478,3,C_39,1.9855829127443867,3.824788740962303,79.90620916857397,3,2
479,3,D_39,2.9596671730183854,3.5271137364687553,69.95927167235072,1,0
480,1,A_40,0.5358535426644004,4.457831291298077,149.98377025616662,4,2
481,1,B_40,1.440792740859223,4.088160857346405,100.00266784403723,4,1
482,1,C_40,1.9594417760990122,3.7986633845046747,79.92040972112017,2,1
483,1,D_40,2.977836361097474,3.417908839623906,70.0708072904708,1,0
484,2,A_40,0.5588224745358816,4.540235598260515,150.0585797114298,4,1
485,2,B_40,1.429272945166923,4.237470364099618,100.01068302942248,4,2
486,2,C_40,1.9423953834392615,3.7759959973100727,79.9616574943347,2,1
487,2,D_40,2.987661370148276,3.5846489218638875,70.02459703616053,2,0
488,3,A_40,0.5364331871992654,4.4442047052554035,149.963393684215,5,1
489,3,B_40,1.6291700901727824,4.185523183379232,100.04460152168218,4,1
490,3,C_40,1.9717829558767912,3.7256158298312743,79.9015267558916,3,2
491,3,D_40,3.030774536080203,3.4926207012051105,70.0027318307647,2,0
492,1,A_41,0.4175748808960914,4.52713446510869,149.95648043738967,4,2
493,1,B_41,1.4490961035642607,4.196415088264844,100.02101114007141,4,1
494,1,C_41,2.054528254459121,3.8248883549289654,80.0259801974427,2,1
495,1,D_41,2.9787611956533784,3.4401303894484867,70.00359809681517,1,0
496,2,A_41,0.4436388519640301,4.493333279349852,150.00435454256382,5,1
497,2,B_41,1.4676801426006016,4.190861288739368,100.01514810110999,3,2
498,2,C_41,1.977781798778795,3.8208513315832597,79.99571209284692,3,1
499,2,D_41,3.057574290725825,3.5345212610260606,70.00276128238237,2,0
500,3,A_41,0.5196949182020372,4.408973183046807,150.01754475953518,5,1
501,3,B_41,1.434460913877086,4.175670431732465,99.984877368721,3,1
502,3,C_41,2.0664434258078246,3.8205674783816796,80.01167722901194,2,2
503,3,D_41,2.951279874362329,3.430234877004138,70.0717977746374,1,0
504,1,A_42,0.522305647020748,4.5105940673804445,150.0092121268016,4,2
505,1,B_42,1.5071918574387833,4.179321931364727,100.00351412477966,4,1
506,1,C_42,2.064175315902751,3.8148805730540345,79.93669042150023,2,1
507,1,D_42,2.973112072090895,3.5494973458593635,70.09848313159183,2,0
508,2,A_42,0.5145227495257266,4.452934999177167,149.9461869363002,5,1
509,2,B_42,1.4637198224799957,4.112641262973699,99.99362691427002,4,2
510,2,C_42,2.024901634474378,3.80541822858789,80.00137339182014,3,1
511,2,D_42,3.051344384752653,3.5944020580850045,70.02688352434957,2,0
512,3,A_42,0.48125288615224393,4.443553387646823,149.96986387746824,4,1
513,3,B_42,1.4042170632075672,4.131697254189313,99.97217134003571,3,1
514,3,C_42,2.0121314075692593,3.7790688777173496,79.99371628251069,3,2
515,3,D_42,2.8996949650317676,3.456103097772433,70.0711159026365,2,0
516,1,A_43,0.47355937963503686,4.51421715767233,150.04283951059654,5,2
517,1,B_43,1.4009920532447095,4.1691263370761265,99.98698472846503,4,1
518,1,C_43,2.0529514067199393,3.773875198867452,79.98644811591059,2,1
519,1,D_43,2.999963836519497,3.4476509662755057,70.06354922108409,2,0
520,2,A_43,0.5158993217521319,4.5196932965483665,149.95180143821554,5,1
521,2,B_43,1.4380842500066024,4.222670423116062,99.97302606587758,3,2
522,2,C_43,2.007129007670852,3.8022435234375522,79.90263290483914,2,1
523,2,D_43,3.001028337225864,3.5390347198837224,69.95887340793008,1,0
524,3,A_43,0.525654400080103,4.527155269334341,149.9500673768313,4,1
525,3,B_43,1.4536458837027006,4.192465817554595,99.95925429050803,4,1
526,3,C_43,2.0698370852235493,3.856733613684129,79.9912509021452,3,2
527,3,D_43,2.9562475990194783,3.4950056766780553,69.97442665678226,1,0
528,1,A_44,0.4716371206439543,4.453186099991292,149.98382026874756,5,2
529,1,B_44,1.5154961403648046,4.149043586618594,99.97299522271716,3,1
530,1,C_44,1.9400630234533967,3.833135581801665,79.968266460064,2,1
531,1,D_44,2.979180452633452,3.516431787599355,69.92278050910359,1,0
532,2,A_44,0.4937252222781337,4.541079830404413,150.01487860599218,4,1
533,2,B_44,1.5467386791718472,4.265473877845811,100.05753222370151,4,2
534,2,C_44,2.014487951782009,3.788312435550923,80.01220714112468,2,1
535,2,D_44,3.0999087469298616,3.4575673651501453,69.95445538459484,1,0
536,3,A_44,0.3755517746985275,4.511229598651907,150.05551478459606,4,1
537,3,B_44,1.4320575032170366,4.248553190767751,99.96479726858658,4,1
538,3,C_44,1.988993140705062,3.8200156839385793,79.99405160926864,2,2
539,3,D_44,3.001868672717369,3.4192533591402343,70.03769108165625,2,0
540,1,A_45,0.5321557713680034,4.475649552139082,150.12197172790593,5,2
541,1,B_45,1.4804100834243639,4.207876939462404,100.00565488837408,4,1
542,1,C_45,1.970243817727119,3.810757196314072,80.00395551450326,2,1
543,1,D_45,2.9637789638204652,3.501522846581842,69.91935140393386,2,0
544,2,A_45,0.48832342069339546,4.482275593182002,150.06479599669936,4,1
545,2,B_45,1.5024368511980535,4.267897170025255,99.93441852924,4,2
546,2,C_45,2.0592934310851216,3.8346738611670674,79.93174304324064,3,1
547,2,D_45,2.9980479259207606,3.5468783207991286,70.03197004267648,2,0
548,3,A_45,0.5479896129043819,4.447089593141493,149.9387091291823,4,1
549,3,B_45,1.522254634471179,4.232316809848261,100.04084623965734,4,1
550,3,C_45,1.977249157097949,3.788664504344799,79.95306576753882,2,2
551,3,D_45,3.0409866051741585,3.536325649141326,69.98835013662045,2,0
552,1,A_46,0.45551359430016214,4.560909416275606,150.05530497578366,4,2
553,1,B_46,1.4838597331266854,4.220989408307382,99.90958426495041,3,1
554,1,C_46,2.0382868040560362,3.8163065313381273,79.96469080814585,2,1
555,1,D_46,2.960937832548333,3.5386738098929498,69.97674809821578,1,0
556,2,A_46,0.5623503634338939,4.5220257100261545,150.041307575945,4,1
557,2,B_46,1.4722764375444324,4.208240316065681,100.01741634089838,4,2
558,2,C_46,1.99745748577384,3.809735149205768,80.06673193370253,3,1
559,2,D_46,2.9497252248493844,3.4078660165866124,70.04451914559036,2,0
560,3,A_46,0.5502422921317985,4.465462313775129,149.93029236354852,4,1
561,3,B_46,1.535702173363449,4.056095364272618,100.10128416622108,3,1
562,3,C_46,1.9841327735431682,3.835683907885728,80.07923474506208,3,2
563,3,D_46,2.9928544753050472,3.4713236516359594,70.03747891797153,1,0
564,1,A_47,0.5471230586651399,4.489752343460767,149.97620006834987,5,2
565,1,B_47,1.4977079729969185,4.222839521142184,99.9981043739572,4,1
566,1,C_47,2.0264675414424973,3.8036755495508427,80.09798476156496,3,1
567,1,D_47,2.9349014107820586,3.4049457775005982,70.00759511986354,2,0
568,2,A_47,0.5317526507636158,4.515059143312908,149.93392507443403,5,1
569,2,B_47,1.5356354242165902,4.199270576631958,99.97976412245654,4,2
570,2,C_47,2.000200635586784,3.8208982159652987,80.02591608680545,2,1
571,2,D_47,3.0388341871389555,3.5080481421558494,70.00738163022729,1,0
572,3,A_47,0.46515702240067464,4.536023337115382,149.9678841050589,5,1
573,3,B_47,1.4961170368846242,4.13084813168162,99.99352508055006,3,1
574,3,C_47,2.017893988875958,3.727745268798981,80.01929720650031,3,2
575,3,D_47,3.0751980795582345,3.4473269704917135,69.99705844064518,1,0
576,1,A_48,0.4684913728378063,4.439390730137853,149.87869273435606,4,2
577,1,B_48,1.463199668770049,4.201550947603436,100.07976525129413,3,1
578,1,C_48,1.9949333555628355,3.7456427395229532,79.94451673282043,3,1
579,1,D_48,2.9274701653030455,3.4963720777650202,69.98175987189643,1,0
580,2,A_48,0.5239999638447727,4.348356095654689,149.96103181842008,5,1
581,2,B_48,1.4781952730667123,4.241928806011166,100.04654780273947,3,2
582,2,C_48,2.020651815906792,3.831147147078363,79.99577473420007,3,1
583,2,D_48,2.9112590278496433,3.5663244033692294,69.97461875432707,1,0
584,3,A_48,0.452053592896312,4.528699091441319,150.04116315520028,4,1
585,3,B_48,1.5634640766640189,4.216511227297362,99.99086811424048,3,1
586,3,C_48,1.9893318872553856,3.7659807002256023,80.04445454335023,3,2
587,3,D_48,3.096294635107798,3.449921900907876,70.0293957680761,1,0
588,1,A_49,0.44381936441469655,4.452542810271583,149.99819311183674,4,2
589,1,B_49,1.5116037674088891,4.302548436232889,100.03402996706032,3,1
590,1,C_49,2.010949573079886,3.8247308304298264,80.03822726084388,2,1
591,1,D_49,2.972474867134655,3.4486592634058133,69.97569049655192,2,0
592,2,A_49,0.569086697797465,4.455760094841192,150.07505264057093,5,1
593,2,B_49,1.5095667811690265,4.276691917121717,100.01262679585622,4,2
594,2,C_49,2.0253251850696663,3.729519272341007,80.0693356634462,3,1
595,2,D_49,2.9873300294861127,3.4676268259218808,69.98915502245399,2,0
596,3,A_49,0.5223234374315041,4.461650651778254,150.05139111783978,5,1
597,3,B_49,1.5631750838713199,4.222463718562335,99.9756173117879,4,1
598,3,C_49,1.8809118744783364,3.783430349892569,79.99167321567855,2,2
599,3,D_49,3.0928597756935217,3.579676057031198,69.93223534451911,2,0
600,1,A_50,0.43702932989052984,4.482592353381279,150.04417537692717,5,2
601,1,B_50,1.5278514827776524,4.215739981485837,100.05947353570586,3,1
602,1,C_50,1.9931552942682185,3.7912943364641696,79.9458863606061,2,1
603,1,D_50,3.0728547797847634,3.474250332327881,69.96637648548926,1,0
604,2,A_50,0.43646827447567926,4.553213101302161,150.122434043505,4,1
605,2,B_50,1.4176335520980543,4.184377663470513,99.95396743194152,3,2
606,2,C_50,2.0496462063194953,3.831495071625021,80.00049417852735,2,1
607,2,D_50,3.031721581546741,3.4829938552582393,69.92797040903257,2,0
608,3,A_50,0.503633333528074,4.473616992300753,150.00026064310347,4,1
609,3,B_50,1.559113881849496,4.240117780982607,99.9782231043183,4,1
610,3,C_50,2.040145153050987,3.8137448434070804,79.98403081419245,2,2
611,3,D_50,2.953763867383611,3.458532753435361,69.99019531702977,2,0
612,1,A_51,0.5883161567570473,4.491653824345043,149.9348927193803,5,2
613,1,B_51,1.5958354007484186,4.230164034127858,100.00149111906049,4,1
614,1,C_51,2.01905114820909,3.72322762863745,80.0975459382421,2,1
615,1,D_51,3.1005253122492777,3.4831621461398092,69.87130714420643,2,0
616,2,A_51,0.5112376220786229,4.504953446438726,150.03795324431843,5,1
617,2,B_51,1.481808587597777,4.1474126337446,99.99063882803952,4,2
618,2,C_51,1.9976023608031137,3.8232364634942586,80.00851585854808,2,1
619,2,D_51,3.04685337084437,3.4576968672482145,70.04773468215537,2,0
620,3,A_51,0.4623545540491666,4.53972563640537,150.04891007305122,4,1
621,3,B_51,1.4488027340085279,4.246857059030789,100.03160049261662,4,1
622,3,C_51,1.9407532106204626,3.823225866308456,80.05065783496681,3,2
623,3,D_51,3.0321775402202364,3.5208458731855505,70.05512175624395,1,0
624,1,A_52,0.42933214514372386,4.566768176874558,150.0234797166839,5,2
625,1,B_52,1.5717004639591154,4.166301788963686,100.01655426958251,4,1
626,1,C_52,1.9770983308390937,3.738860121186433,80.06478020923761,2,1
627,1,D_52,3.0419679314377803,3.564812626768382,70.07472699004339,2,0
628,2,A_52,0.5785226426628232,4.550657539833178,149.95109135901637,5,1
629,2,B_52,1.5681323949305952,4.079473035121618,99.93219171904808,3,2
630,2,C_52,1.9858099226591608,3.7507381527073926,79.99064234793131,3,1
631,2,D_52,3.0819381921366444,3.467184897930103,70.07058974374127,2,0
632,3,A_52,0.49247649818498285,4.464963693952598,149.92414284353643,4,1
633,3,B_52,1.5922807733742712,4.197172146839649,99.98113069548842,3,1
634,3,C_52,2.1327151248444274,3.7738907188352906,79.99838864154376,3,2
635,3,D_52,2.917875371073676,3.550972431886689,70.02684175676174,1,0
636,1,A_53,0.5160433897285269,4.466885480640234,149.98453961464483,5,2
637,1,B_53,1.487845837878699,4.123156417191863,100.02118124535578,4,1
638,1,C_53,2.038614188997368,3.711834719396888,79.98420214813275,3,1
639,1,D_53,2.998685010585733,3.5833864783963754,70.05478849363487,2,0
640,2,A_53,0.4555561882923954,4.442002506377559,149.93124852326574,5,1
641,2,B_53,1.58062221237929,4.193312485561421,99.9614562530616,3,2
642,2,C_53,1.989239480999883,3.864731409269491,80.07610396142289,3,1
643,2,D_53,3.054286883029621,3.5387718860779347,69.9811048486398,1,0
644,3,A_53,0.4952979989411667,4.504767636248897,150.03296357166582,5,1
645,3,B_53,1.5377322092293353,4.199581580562074,100.0122270631013,4,1
646,3,C_53,1.9490849502724514,3.873426777822399,80.01662990043604,3,2
647,3,D_53,2.9930287759578746,3.4870398547365307,69.951130571638,1,0
648,1,A_54,0.46646460218127633,4.515486023252976,149.99411756814814,5,2
649,1,B_54,1.4392729141354983,4.232760809184409,99.9506394576391,3,1
650,1,C_54,2.0934195428283098,3.769501126747323,80.0538379549607,2,1
651,1,D_54,2.9745857455155265,3.455152961756234,69.98609939199952,2,0
652,2,A_54,0.5357203928525602,4.388535079145068,150.0061568648793,5,1
653,2,B_54,1.5006420382466987,4.13377387883012,100.01168689570667,3,2
654,2,C_54,1.9751724344718382,3.765057685795149,80.08021050590922,2,1
655,2,D_54,3.09580705568822,3.5444672232286467,70.0139952675132,1,0
656,3,A_54,0.5458232573199024,4.559998435208867,150.0507035206672,4,1
657,3,B_54,1.5250389664138455,4.238332518831247,100.03685311610889,4,1
658,3,C_54,2.0142247131507847,3.8441351527570493,79.9491125891352,2,2
659,3,D_54,3.0346210025461606,3.4760350306476155,69.95510230247436,1,0
660,1,A_55,0.41971755768288965,4.52774320311171,149.90325942325074,5,2
661,1,B_55,1.4961804818128197,4.351408352712831,100.02428264463498,3,1
662,1,C_55,2.0941735115436337,3.776571834795981,79.98742070565386,2,1
663,1,D_55,2.9826548314268275,3.4833224258406483,70.00784962819189,2,0
664,2,A_55,0.4903311255261956,4.564368318852844,150.00542582478846,5,1
665,2,B_55,1.4189205844665316,4.083026809782476,100.03237585403723,4,2
666,2,C_55,2.035415950578436,3.7681984021360706,79.91730445731223,2,1
667,2,D_55,3.0883730281219965,3.562914434910784,70.07093950140265,1,0
668,3,A_55,0.613656571919904,4.503788862416614,149.96549438876647,5,1
669,3,B_55,1.5121194117729044,4.30651161691063,100.04642851735915,4,1
670,3,C_55,2.041141060876914,3.6429484094857836,79.97797700620066,3,2
671,3,D_55,3.1109267257418196,3.3910662555412006,70.02561727513933,2,0
672,1,A_56,0.4629565779259376,4.450003112501495,149.9795738637662,5,2
673,1,B_56,1.4585529283547487,4.1380848207720025,100.00591041908854,3,1
674,1,C_56,2.00002046852289,3.8953010404330835,79.99275383169868,3,1
675,1,D_56,3.1327628502241356,3.552393852092704,70.06198408294195,1,0
676,2,A_56,0.4224590873738096,4.562259214072644,150.03623771132672,4,1
677,2,B_56,1.520252626713785,4.242896164197198,100.06758055101557,4,2
678,2,C_56,2.015539841373703,3.732810787070406,80.07347385540241,2,1
679,2,D_56,3.013812566531411,3.529196049305056,70.04417453055046,2,0
680,3,A_56,0.45757160136995595,4.496936155783994,150.03217221675993,5,1
681,3,B_56,1.5383946486435724,4.274239259304651,100.00043919179053,3,1
682,3,C_56,1.8733933824537514,3.7898140290586095,79.9837823738764,2,2
683,3,D_56,2.9639926017707614,3.4798211424043264,69.99837902942622,2,0
684,1,A_57,0.46761240947585525,4.474169752644814,149.96944406077353,4,2
685,1,B_57,1.4789597887914874,4.27014992267659,100.01154116086353,3,1
686,1,C_57,2.038085203913597,3.7069444360688,79.94832751466711,3,1
687,1,D_57,3.0035166704346583,3.5215829312432785,69.99949864927754,2,0
688,2,A_57,0.5521603101738585,4.496857212869344,149.89109360734346,5,1
689,2,B_57,1.5274533329272038,4.1926980497476425,100.00341515998613,4,2
690,2,C_57,2.006606846567382,3.8440443536629996,80.05398785648576,2,1
691,2,D_57,3.1026761148998587,3.492170614922859,70.09824104836937,2,0
692,3,A_57,0.4552477412257017,4.452449089959892,149.97642785719083,5,1
693,3,B_57,1.5219370537265082,4.205432992855862,99.90874436813637,3,1
694,3,C_57,1.8442602477336851,3.7617404157687417,79.9881588332712,2,2
695,3,D_57,3.0469683864500303,3.463749049648742,70.02233290931288,1,0
696,1,A_58,0.6454265056938633,4.5022583398100515,150.04668861013317,5,2
697,1,B_58,1.4551305050946044,4.2493576833473865,100.00245869073049,3,1
698,1,C_58,2.075601087523292,3.7418367835044446,80.03804317869754,3,1
699,1,D_58,3.0158291664604,3.513401202137194,69.96123476228142,1,0
700,2,A_58,0.4953510543310215,4.500884034742833,150.10071876711052,5,1
701,2,B_58,1.486163784766615,4.159005169283291,100.07993877664096,4,2
702,2,C_58,1.9632052935071937,3.8601308892621096,79.98745978725101,3,1
703,2,D_58,2.921707066857885,3.4631596518069965,69.99168251549018,2,0
704,3,A_58,0.49817332222828836,4.456012390842645,149.93842396928633,4,1
705,3,B_58,1.5174646680662942,4.197000909968932,99.99254973424043,3,1
706,3,C_58,1.8868316996511447,3.8382681142555692,80.00097956529851,2,2
707,3,D_58,3.0464679178969654,3.5662080217576917,69.92269327168394,1,0
708,1,A_59,0.5102404322874904,4.515276094064767,149.98404466585015,4,2
709,1,B_59,1.4324530163355982,4.217693005125429,100.03604415162643,4,1
710,1,C_59,2.0543436767275445,3.833099029737601,79.95054541463584,3,1
711,1,D_59,2.9594318844869574,3.521171535412899,69.93169206690543,2,0
712,2,A_59,0.5115006306594139,4.59250067262864,150.02093828234362,4,1
713,2,B_59,1.462592981759191,4.222605414905222,100.0759437640271,3,2
714,2,C_59,1.9378351708632044,3.863121391717555,79.96128457448825,2,1
715,2,D_59,2.8611175009884335,3.5013108807309203,69.9760080811913,2,0
716,3,A_59,0.4715215468118561,4.609825718010417,149.8957300550749,4,1
717,3,B_59,1.4952958324252503,4.240963949479815,99.95675565982026,3,1
718,3,C_59,1.9662939346943071,3.8034037760626047,80.0045838643948,2,2
719,3,D_59,3.040675300429444,3.625272348172868,70.014283581618,1,0
720,1,A_60,0.4267654926821705,4.635497290960416,150.06845319732992,4,2
721,1,B_60,1.4904443126411755,4.176056366455698,100.03860735419684,3,1
722,1,C_60,2.0687247448270347,3.8123122588545177,79.93178824694206,2,1
723,1,D_60,2.9643033179932705,3.47401724739826,69.96213904439307,1,0
724,2,A_60,0.5065571266628159,4.46083416716807,149.97207931274232,4,1
725,2,B_60,1.5268800251622654,4.232364087395047,99.98033579011901,3,2
726,2,C_60,2.007378548414568,3.8633032632821114,79.98878193934124,2,1
727,2,D_60,2.973380034594035,3.6008891417239166,69.97738787688058,1,0
728,3,A_60,0.5814533953203868,4.527279388595451,149.97351748234576,4,1
729,3,B_60,1.4204753001862624,4.100734087880762,100.09870079125469,3,1
730,3,C_60,2.0033383563691967,3.8003749259603428,80.1281724147113,3,2
731,3,D_60,2.9712808295897633,3.5058719172348742,69.94495693017254,2,0
732,1,A_61,0.5495167229356143,4.545768863546893,150.00501335150372,5,2
733,1,B_61,1.5089592438757926,4.215248713311879,99.97139390992619,3,1
734,1,C_61,2.0102698531663354,3.7879817132836298,79.95576287377577,3,1
735,1,D_61,3.061791032196736,3.4373131869887987,70.03168048588141,2,0
736,2,A_61,0.5113805431513598,4.517014868123092,149.99812059835352,5,1
737,2,B_61,1.5173692155047873,4.2086177317207145,99.9106613148035,3,2
738,2,C_61,2.121361095335764,3.7739541779025165,79.9470733442955,3,1
739,2,D_61,2.9523765715552774,3.5635290493120597,70.03704621649239,1,0
740,3,A_61,0.4426071243205716,4.521549263128579,150.03191126900393,4,1
741,3,B_61,1.488291971713984,4.172213997617561,100.02499814087605,3,1
742,3,C_61,2.0537866607452626,3.7691273024058543,80.01077770918285,3,2
743,3,D_61,2.857208900663232,3.5127355737048997,70.08905545958694,2,0
744,1,A_62,0.5102743467225018,4.5591120043066455,149.99157458518528,4,2
745,1,B_62,1.428675517005446,4.200969685221715,100.00679809931307,4,1
746,1,C_62,2.020766293136145,3.8407561980886515,80.01785028961685,3,1
747,1,D_62,2.8950953570991933,3.4714085777272343,70.02226119274977,2,0
748,2,A_62,0.4624507913142217,4.602919665061402,150.03310912360232,5,1
749,2,B_62,1.5547020755898942,4.257264182375689,99.95719889476047,4,2
750,2,C_62,1.9968271783268365,3.80296020638948,79.94136198841112,3,1
751,2,D_62,2.966884898069199,3.5691391844452496,69.98475995806054,1,0
752,3,A_62,0.5550255424062899,4.429877315688774,149.93943476956127,5,1
753,3,B_62,1.4197405786326027,4.192569551131983,100.0212375505369,4,1
754,3,C_62,1.92376734413675,3.731708127290807,80.06496230903863,3,2
755,3,D_62,3.019004810815668,3.4475033777663877,69.99676420773845,1,0
756,1,A_63,0.5093909364029108,4.532997209266745,149.91285694831757,4,2
757,1,B_63,1.505504270443892,4.096005227699669,99.96086220588079,3,1
758,1,C_63,1.9871656721131703,3.81949936918828,80.03687619326122,3,1
759,1,D_63,2.9774708624702724,3.4671300238644136,70.00734133798987,1,0
760,2,A_63,0.5629530472499467,4.48108409202143,149.9989615564949,4,1
761,2,B_63,1.507564379117031,4.197810394974395,100.01025631789616,4,2
762,2,C_63,1.9676313925394175,3.7926865803797503,79.92292986031147,2,1
763,2,D_63,3.068444639092011,3.4238312160537037,69.94768902008218,2,0
764,3,A_63,0.4653750379690495,4.480046784783559,150.03592912200622,4,1
765,3,B_63,1.430502382090781,4.269810711367286,100.02725112094978,3,1
766,3,C_63,2.0919276323825544,3.809475986726925,80.14258491191727,3,2
767,3,D_63,3.055532432051385,3.4645261283077358,69.86855662010294,1,0
768,1,A_64,0.5727594200700706,4.427352988075553,149.97503693686738,5,2
769,1,B_64,1.48318727670624,4.2585379234817715,99.93622978454673,4,1
770,1,C_64,1.941516482178801,3.854847182014827,80.08341872014469,2,1
771,1,D_64,2.9037570954544107,3.6119198570444717,69.94410472955043,2,0
772,2,A_64,0.5528739944755443,4.574090471750621,149.99881230565867,5,1
773,2,B_64,1.5970561934429832,4.1957639066940295,100.09860345126076,3,2
774,2,C_64,2.0618389456352024,3.8437137693860843,80.02541955681923,3,1
775,2,D_64,3.1342284032846717,3.576332855880176,69.98500866936539,2,0
776,3,A_64,0.4174532816662132,4.515684861002153,149.93551081534,4,1
777,3,B_64,1.4995906093813645,4.156114325124928,99.971933328294,4,1
778,3,C_64,2.015099339238201,3.765819769263601,80.0063338302457,3,2
779,3,D_64,2.966687306145287,3.4675012928998226,69.96529327770622,2,0
780,1,A_65,0.48007182409644034,4.445836685169667,149.9516635200894,5,2
781,1,B_65,1.4889390663170798,4.176271334307309,99.99731460809363,3,1
782,1,C_65,2.1048341676016986,3.8124617924443767,79.97007154570399,3,1
783,1,D_65,3.0623268121418135,3.569840505471056,69.9320619901827,1,0
784,2,A_65,0.5611685567148894,4.539715847402607,149.9809537204532,5,1
785,2,B_65,1.5159713829884642,4.151671749423417,100.03869303401555,3,2
786,2,C_65,1.970340091415046,3.75508905033525,79.99180734187917,3,1
787,2,D_65,3.0447758279480817,3.586636182234587,69.90700674287179,2,0
788,3,A_65,0.4673361286063263,4.480422707741873,149.99792384435776,4,1
789,3,B_65,1.5067311413337408,4.213140992414736,99.96042874262353,4,1
790,3,C_65,1.9699840892254918,3.8499835690607047,80.08280024812981,3,2
791,3,D_65,2.985508344301293,3.524867147904263,69.96888776593235,2,0
792,1,A_66,0.5004125134761497,4.5722183950744295,149.85338151413416,5,2
793,1,B_66,1.546818074468734,4.159691675484599,99.93854612755999,3,1
794,1,C_66,2.046843185359605,3.7854816955941133,79.98339618003332,3,1
795,1,D_66,2.999292531836598,3.4408722597040637,69.9540646194608,1,0
796,2,A_66,0.42170313895059564,4.560657630965145,150.04761202159258,4,1
797,2,B_66,1.5865001123749396,4.2197983176153455,99.88557749783102,3,2
798,2,C_66,1.974512511439938,3.8767308622084515,80.00760756739636,3,1
799,2,D_66,3.05467967770531,3.498478860519333,70.01373559973094,2,0
800,3,A_66,0.4394962930387491,4.446663590637997,150.04159086816296,4,1
801,3,B_66,1.4441266863562712,4.221088250396791,99.96072110948296,4,1
802,3,C_66,1.990691330145768,3.7821942011950496,80.0790517718208,3,2
803,3,D_66,2.9733113922208005,3.5391385358379353,70.0116605207459,1,0
804,1,A_67,0.4574312341185013,4.44401134804653,149.97770533309455,4,2
805,1,B_67,1.3345421910729283,4.157206144799616,100.01119056565715,3,1
806,1,C_67,1.9351219914192666,3.7383909462452873,80.01910401029558,2,1
807,1,D_67,3.019121949156248,3.418914395220363,69.93297387264755,1,0
808,2,A_67,0.5438210382430343,4.540608304242074,149.98446029667406,5,1
809,2,B_67,1.520683089379125,4.156933100392263,100.06458076441795,3,2
810,2,C_67,1.9582298518661994,3.7369596585232596,80.00387544831749,3,1
811,2,D_67,2.9132687338995122,3.463699257914723,70.01793128872569,2,0
812,3,A_67,0.46304097925000415,4.465714611137325,149.97054217689325,5,1
813,3,B_67,1.4836567267968586,4.23214953554529,100.0493519346084,3,1
814,3,C_67,1.9826633825205973,3.7947543754567974,80.08934028663506,3,2
815,3,D_67,3.049085748408018,3.558770896482366,69.96187353809978,1,0
816,1,A_68,0.5987407849287918,4.535408261181124,149.97134131756505,5,2
817,1,B_68,1.634082918833643,4.138455450061221,100.03595976670591,3,1
818,1,C_68,1.9335412702750294,3.833444943166904,80.0357976971581,2,1
819,1,D_68,2.9930191477559926,3.5064409174728484,69.96697997296114,1,0
820,2,A_68,0.40678898958954135,4.63333502997686,149.95077971748984,4,1
821,2,B_68,1.3998924622010436,4.1506724685628935,100.00317211581846,3,2
822,2,C_68,2.0668257412670004,3.880864542458521,79.9484187035677,2,1
823,2,D_68,2.937740691275626,3.4632354314123126,70.03078982059874,1,0
824,3,A_68,0.5033772639368758,4.421404237355487,150.00112620744238,4,1
825,3,B_68,1.489274751008449,4.1985003451906495,99.98651112177583,4,1
826,3,C_68,1.93709749781101,3.832438566835281,80.01557861069614,3,2
827,3,D_68,3.044054535589413,3.4670054352531503,69.9368558943238,1,0
828,1,A_69,0.5012745915399741,4.513314647587956,149.98815144924666,4,2
829,1,B_69,1.4864136328530768,4.2364099931359585,99.92808376578841,4,1
830,1,C_69,2.030434648735622,3.8149748723516264,80.05963988258539,3,1
831,1,D_69,2.925487299160995,3.484772893161899,70.08022468187568,1,0
832,2,A_69,0.5326196531616754,4.476417648871214,150.03924682573034,4,1
833,2,B_69,1.5170576471868424,4.165713406290911,99.9791750528849,3,2
834,2,C_69,1.9686670672881936,3.740400436659206,80.03855710333056,2,1
835,2,D_69,2.9658749096821064,3.475207695344455,70.07844797630656,2,0
836,3,A_69,0.6024449712805581,4.523548139744489,149.90284081299524,4,1
837,3,B_69,1.4749384982402498,4.099876920578273,100.05471157938385,4,1
838,3,C_69,2.055544119878988,3.827109280884329,80.0503652547505,3,2
839,3,D_69,3.020768924913369,3.5965318230671968,70.00110335444244,1,0
840,1,A_70,0.5747651865992679,4.576721215846299,149.98710021829976,5,2
841,1,B_70,1.4184321253897068,4.155431328477073,99.9835879568078,4,1
842,1,C_70,1.9639780863277165,3.783439253105461,80.07947335009442,2,1
843,1,D_70,2.9837140984771606,3.588136415206486,69.95817766446906,1,0
844,2,A_70,0.47594457899256565,4.51359848173844,150.0559255880577,4,1
845,2,B_70,1.5123464233702868,4.197995975924742,100.01241444173436,3,2
846,2,C_70,1.9670898534379648,3.7453916340438402,80.0457438206104,2,1
847,2,D_70,2.9475881323670983,3.396535108711006,69.94276413684032,1,0
848,3,A_70,0.5196427103116008,4.547108582757575,149.93456953822997,5,1
849,3,B_70,1.5320873473479393,4.246649853605868,99.97463153233682,4,1
850,3,C_70,2.028928463589663,3.861907492168602,79.95974071029377,3,2
851,3,D_70,3.0449901517846576,3.5154106750186265,69.99997643231663,1,0
852,1,A_71,0.45044424344266837,4.449665256152127,149.96157338714812,4,2
853,1,B_71,1.440610594821605,4.1552173614588925,99.97500637238517,3,1
854,1,C_71,2.018347322322286,3.8149134966419385,80.06763432172148,2,1
855,1,D_71,2.9676026776800595,3.4665116581075353,69.9718011928664,1,0
856,2,A_71,0.45442301471125907,4.497005529063627,149.94874941458434,5,1
857,2,B_71,1.4717328514368437,4.200083135066704,99.92940269907466,4,2
858,2,C_71,1.976625367686475,3.853666668937954,80.05970494822948,3,1
859,2,D_71,2.9978878418842823,3.394908148142955,69.99451909900631,2,0
860,3,A_71,0.4992542471749834,4.568532114230274,150.0190520655112,4,1
861,3,B_71,1.5094623653943882,4.169644512835204,99.85296469080976,4,1
862,3,C_71,2.0305567270160783,3.909030218263201,79.95114856003899,3,2
863,3,D_71,2.9647695832108107,3.4667439551299806,69.9897628974886,2,0
864,1,A_72,0.5732625159445996,4.458802555612181,149.95478773809296,5,2
865,1,B_72,1.485474915902261,4.19739443935576,100.00106121889138,4,1
866,1,C_72,2.057938419014373,3.889629956601459,79.9296121927552,2,1
867,1,D_72,2.941990212375358,3.519805413061027,70.05274679570343,2,0
868,2,A_72,0.4801595372999121,4.538080711043373,150.1003909883171,4,1
869,2,B_72,1.5129864488454803,4.197829270513773,99.96998582930006,4,2
870,2,C_72,1.9507359867802172,3.8180947799497416,80.0098942677058,2,1
871,2,D_72,2.9865631642316903,3.5402919779671307,70.00450943239534,2,0
872,3,A_72,0.5410200026404411,4.539225263703008,150.00795748756602,5,1
873,3,B_72,1.5579337990310902,4.255162588625734,99.94467320129766,3,1
874,3,C_72,2.0081066609287648,3.7699571923655912,80.08113779053693,2,2
875,3,D_72,3.06855765313638,3.444105897974778,69.98236417615901,1,0
876,1,A_73,0.4894748300698121,4.493287467943765,149.9831488573857,4,2
877,1,B_73,1.464834878072315,4.1982260191482546,99.94409022087197,4,1
878,1,C_73,2.033013184665262,3.8519808496915924,79.97955998736728,3,1
879,1,D_73,3.0782805578791583,3.4003997592853885,69.98930731879757,2,0
880,2,A_73,0.41203756476011755,4.4913729602968,150.01230842556663,5,1
881,2,B_73,1.5796482774541645,4.138574810189882,100.01701065704259,3,2
882,2,C_73,2.0434727934452805,3.712821442646897,79.99375031773626,2,1
883,2,D_73,3.006632364870059,3.4473227421092814,70.02624406106979,2,0
884,3,A_73,0.4329562562232353,4.519794271175916,149.9538977872718,5,1
885,3,B_73,1.4636136866865317,4.205595445877847,100.11044349333913,3,1
886,3,C_73,1.9471289787496,3.832379156436492,80.04289932001318,2,2
887,3,D_73,3.0188999379994366,3.5165869900188698,69.97072422215473,1,0
888,1,A_74,0.5281290271064263,4.48872233493743,149.92575485652281,4,2
889,1,B_74,1.441948790326895,4.182629346555913,99.96366096690797,3,1
890,1,C_74,1.9550325839319727,3.8665718700905054,80.09974579243492,3,1
891,1,D_74,2.8782303795474484,3.575228876976465,70.01149195671682,2,0
892,2,A_74,0.4336406779965754,4.56891672626786,149.98714855258095,4,1
893,2,B_74,1.4890348915080238,4.165846784248283,99.9877875100636,4,2
894,2,C_74,1.9850237605678955,3.7400832853767487,79.989350241742,3,1
895,2,D_74,2.9913646339668785,3.5305747127939737,70.03764109638043,2,0
896,3,A_74,0.45754408893723214,4.548999734234619,149.90577705904673,4,1
897,3,B_74,1.4990143620285004,4.2619585380330856,100.02295921373857,3,1
898,3,C_74,2.0137438445491034,3.8537142181607607,79.97301876929697,3,2
899,3,D_74,3.007928265955345,3.4270973985254565,70.05294148487336,1,0
900,1,A_75,0.49090921462765813,4.502581189087807,149.97806367917747,4,2
901,1,B_75,1.4586671986329633,4.261873878626378,99.92110675213172,4,1
902,1,C_75,2.0174252966542707,3.7911516719748724,79.93682099166571,2,1
903,1,D_75,3.0206094909181993,3.561016386521176,69.98935398049477,1,0
904,2,A_75,0.5527502338591384,4.536380895047006,149.95282016378349,4,1
905,2,B_75,1.4077696071241097,4.193959229478387,100.05021486688862,3,2
906,2,C_75,2.0070895261607116,3.878139608692688,80.02837461560877,3,1
907,2,D_75,3.0324886238695177,3.531366645625612,69.96522183563893,1,0
908,3,A_75,0.49518675262980216,4.494298679496933,150.01619120090004,4,1
909,3,B_75,1.4771684911315035,4.1887105490782135,100.06846642950156,3,1
910,3,C_75,1.9409510879891678,3.700660145039887,79.99379322995607,2,2
911,3,D_75,3.0036462825650467,3.5332116329120518,69.99748917576095,2,0
912,1,A_76,0.49421563850482114,4.610285484639742,150.0079974740553,4,2
913,1,B_76,1.4454580346954216,4.128629779280965,99.99434143243353,4,1
914,1,C_76,1.9709335334353444,3.868111098695402,80.01693600236419,3,1
915,1,D_76,3.015739681789752,3.3765952508643995,69.9540457514184,2,0
916,2,A_76,0.5352691666915271,4.481101865064203,150.08325243731238,4,1
917,2,B_76,1.4931604227873612,4.206356791305409,100.05729263215761,3,2
918,2,C_76,2.0670027366967303,3.8163271183253724,79.97886185725854,2,1
919,2,D_76,2.9975549028409136,3.429890949914292,70.02560789425341,1,0
920,3,A_76,0.49052492365776085,4.539331741562682,149.97888031005766,5,1
921,3,B_76,1.4802665068255052,4.2061026536543125,100.00587807016454,3,1
922,3,C_76,1.928166220139834,3.7778313754588195,79.97421826836965,3,2
923,3,D_76,3.008173027990811,3.541092704786994,69.99304167171877,1,0
924,1,A_77,0.5746114948383676,4.493329768655423,150.04286665802337,4,2
925,1,B_77,1.5351824266112712,4.189656255230282,100.03123609084243,4,1
926,1,C_77,1.9911803428304833,3.7992799056331976,80.09939503036973,3,1
927,1,D_77,3.0492044422114324,3.485357866565625,69.94008335075338,2,0
928,2,A_77,0.48373521565390015,4.4949325042442165,150.03457828753739,4,1
929,2,B_77,1.5462901548065895,4.12028037268645,99.94031504728063,3,2
930,2,C_77,2.0273867719931515,3.8462772692709897,79.96762690110084,3,1
931,2,D_77,3.080517667984203,3.4390853634970218,69.90940990127417,1,0
932,3,A_77,0.5323983814616776,4.477108372956826,150.08585362481554,4,1
933,3,B_77,1.5349414368025267,4.237721360745916,99.94683725978828,3,1
934,3,C_77,1.9702622077311305,3.7829811215950135,80.07402895008161,3,2
935,3,D_77,3.0313650912532433,3.4256719157091178,70.00446246560233,2,0
936,1,A_78,0.49404485478783955,4.502395123514562,150.014688690512,5,2
937,1,B_78,1.4272626926725838,4.192350704191482,100.09129119472055,4,1
938,1,C_78,2.02504478253098,3.827090327722511,80.06318095098737,2,1
939,1,D_78,3.0247309429090325,3.504337002718048,69.97111611241002,1,0
940,2,A_78,0.4555198538209404,4.502515267258991,150.01951918223958,5,1
941,2,B_78,1.4781085443462512,4.223596281038933,99.94902674968651,4,2
942,2,C_78,1.9666160011637575,3.7982698567858257,80.07151308644877,2,1
943,2,D_78,3.054032620603782,3.485395665535186,69.95924698864738,1,0
944,3,A_78,0.6090620343726765,4.536609515039511,149.95049973773453,5,1
945,3,B_78,1.5646412932541407,4.184207064797043,99.96483974126063,4,1
946,3,C_78,2.0397442048490952,3.7507234686892135,79.95018595017937,2,2
947,3,D_78,2.9404961901588456,3.443563380449884,70.04296300689262,1,0
948,1,A_79,0.49750817043930085,4.447029832170204,150.0495654014048,4,2
949,1,B_79,1.5223989390888724,4.23198330772057,100.01271935044429,4,1
950,1,C_79,2.048333660110811,3.860558939758636,80.0106950074084,3,1
951,1,D_79,2.9651076996477705,3.475777395376229,70.02306447731675,1,0
952,2,A_79,0.46838679500986263,4.564084519036374,150.06394851689683,5,1
953,2,B_79,1.4848099016833565,4.18542821901587,99.917231183457,4,2
954,2,C_79,2.017353874449931,3.8003417642638744,80.04208454597546,3,1
955,2,D_79,3.0324409975216007,3.5432268715052415,69.95479061471927,2,0
956,3,A_79,0.582450300387679,4.416325154354421,149.96614265669308,4,1
957,3,B_79,1.5626047588289438,4.18699646595092,100.02595424015206,4,1
958,3,C_79,1.9861782720468475,3.80557516795584,80.10810606320963,3,2
959,3,D_79,2.966350178549599,3.458474474374803,69.98059108412549,1,0
960,1,A_80,0.5387688172662427,4.5239707824884015,149.9544077722373,5,2
961,1,B_80,1.5184243282202017,4.17549642536314,99.92278659697345,3,1
962,1,C_80,1.9774416678416904,3.699043915431096,79.9670033974003,3,1
963,1,D_80,2.9551694369018353,3.392801082776114,70.05167797255042,1,0
964,2,A_80,0.49954367167336833,4.485138225553669,150.01649191840548,5,1
965,2,B_80,1.527183896540768,4.170118570142015,100.08334811449957,3,2
966,2,C_80,1.9000896132056384,3.8315469384008667,79.88591832610928,2,1
967,2,D_80,3.0393453236481824,3.516522909438244,70.01402150075322,2,0
968,3,A_80,0.4867464490567257,4.4855080349235505,150.02193274194966,5,1
969,3,B_80,1.481322373528374,4.125968427167709,99.9956058473831,3,1
970,3,C_80,2.073381764941192,3.7096524709291088,80.056163036328,3,2
971,3,D_80,3.0972057960853294,3.514014198245417,69.99728751247406,2,0
972,1,A_81,0.5340703051693316,4.5032245543882015,150.0390490976781,5,2
973,1,B_81,1.609912848069176,4.250948316875023,99.86766620721704,4,1
974,1,C_81,2.050197001272961,3.785675550699417,80.05119948567986,3,1
975,1,D_81,2.9367769117088702,3.4066887555849794,69.9773333404563,1,0
976,2,A_81,0.4949686610793734,4.507455724286353,149.99573763554557,5,1
977,2,B_81,1.5016899286422156,4.162149505539955,100.0119348403062,4,2
978,2,C_81,2.0229003908398266,3.6942534126841493,80.09794702758155,2,1
979,2,D_81,3.045713287966593,3.4945720137656506,70.07620165418533,2,0
980,3,A_81,0.5564278292504795,4.464766644718743,150.0094633083481,4,1
981,3,B_81,1.4921552034962058,4.186554943657924,99.91493693545083,3,1
982,3,C_81,1.9652672716396835,3.862653905449808,79.90829352931647,3,2
983,3,D_81,3.0837105159911413,3.4790897302326202,69.98209314755331,2,0
984,1,A_82,0.5360565011543434,4.515565799252065,149.98119767583765,5,2
985,1,B_82,1.491066249775929,4.178915503094958,99.96116703099948,3,1
986,1,C_82,2.0381404478552305,3.825387121831095,79.9660310260011,2,1
987,1,D_82,3.01080790225086,3.5800321919063336,69.93948295179328,1,0
988,2,A_82,0.4955674953647881,4.561075180650054,149.9826993562038,5,1
989,2,B_82,1.53843852449699,4.2896436588412845,99.9580550892182,4,2
990,2,C_82,2.035834122321999,3.8156612628051403,79.97999097689944,2,1
991,2,D_82,3.0187889281846014,3.564189022729114,70.02394124926609,1,0
992,3,A_82,0.4174395835976781,4.504055842694351,149.9837736765115,5,1
993,3,B_82,1.5262116887758144,4.140068297507593,100.01757553654205,4,1
994,3,C_82,1.91585050641843,3.774328817397123,79.90390718131066,2,2
995,3,D_82,3.031031298735543,3.6188070799790495,69.97934865234966,2,0
996,1,A_83,0.56329087737096,4.557808286794694,149.9606053030548,5,2
997,1,B_83,1.453575284690027,4.228994930237773,100.02239008334864,3,1
998,1,C_83,2.023738580245805,3.756327319485984,79.98147941261003,2,1
999,1,D_83,2.9233311645999747,3.526779092342864,70.00376714107684,1,0
1000,2,A_83,0.5530090745165318,4.590044525551715,150.02376470486772,4,1
1001,2,B_83,1.5228433922395974,4.166015554545322,100.01181185231017,4,2
1002,2,C_83,2.047249848412469,3.8501384582319247,79.95339024036684,2,1
1003,2,D_83,3.0515265616139184,3.4985597406274422,69.96883541698689,2,0
1004,3,A_83,0.44858074785525237,4.489739540486697,150.0378985644314,5,1
1005,3,B_83,1.4455904869701486,4.213121715255651,100.01238402580753,3,1
1006,3,C_83,1.9943927080854265,3.8437962981171183,79.99722232997331,2,2
1007,3,D_83,3.04256271883316,3.468640000683651,69.9955076544442,2,0
1008,1,A_84,0.5620205296412543,4.501435983519677,149.98486105668601,5,2
1009,1,B_84,1.5513129843700892,4.16991008692404,99.92932084547103,4,1
1010,1,C_84,1.9745752014825926,3.84608855385003,79.96072246256638,2,1
1011,1,D_84,2.9744493610483067,3.517664791385819,70.00539682324043,1,0
1012,2,A_84,0.4120759548689158,4.463494468659502,150.0483696090139,5,1
1013,2,B_84,1.434421927393398,4.176786311052027,99.96496913185788,4,2
1014,2,C_84,2.036129828674659,3.847171398282419,79.97477501722445,2,1
1015,2,D_84,2.9715234990605146,3.583365719696789,69.97362805388141,1,0
1016,3,A_84,0.5126669329843633,4.46954971580548,149.9708864784379,5,1
1017,3,B_84,1.526972188170962,4.227007645369878,100.00431641658665,3,1
1018,3,C_84,2.0294658177601015,3.804004310834033,79.93507509841521,2,2
1019,3,D_84,3.0047800168452183,3.466833007321926,69.99350468026786,2,0
1020,1,A_85,0.43604971858665587,4.4632564010062445,149.99216128698626,5,2
1021,1,B_85,1.4993230310245553,4.1696073454268845,100.04574989598727,3,1
1022,1,C_85,2.0393379819568436,3.773678778622469,80.01142459373071,3,1
1023,1,D_85,2.9955583893339193,3.5275913147680487,69.97831034747536,2,0
1024,2,A_85,0.4747917504729563,4.470532178347095,150.01281868599582,4,1
1025,2,B_85,1.4816418765410113,4.28594444732014,100.01338561930795,3,2
1026,2,C_85,1.9509789468387833,3.826505451532731,79.9653675185983,3,1
1027,2,D_85,2.991304490625532,3.541621578641758,70.0497723807865,1,0
1028,3,A_85,0.5212426340288729,4.5365374198209825,149.97320562277477,4,1
1029,3,B_85,1.3970581308857115,4.264547120201183,99.98411389455782,3,1
1030,3,C_85,2.0233183598063174,3.703990169062627,80.05523901104895,3,2
1031,3,D_85,2.978463977407556,3.422842780686776,70.1220913969491,1,0
1032,1,A_86,0.44834100802525806,4.515574764318,150.00760061345846,5,2
1033,1,B_86,1.529662129374951,4.127542307506047,100.00812697531624,3,1
1034,1,C_86,2.049947780323437,3.8484496530174894,80.04016861944494,3,1
1035,1,D_86,2.988774126343125,3.4655684911948343,70.00455670122514,1,0
1036,2,A_86,0.4814334070768266,4.529402110621806,149.96751358075983,4,1
1037,2,B_86,1.5235814741414941,4.278483496472119,100.00044815207804,4,2
1038,2,C_86,2.0263278247081535,3.772633074412582,80.03114958422326,2,1
1039,2,D_86,3.015406186444401,3.5636726972783443,70.00546369957733,1,0
1040,3,A_86,0.5741642342185852,4.524402159824854,150.03060847798312,4,1
1041,3,B_86,1.5130909756985367,4.187777184458484,100.0302045879655,4,1
1042,3,C_86,1.968312229166489,3.9220537283366355,79.93962650578935,3,2
1043,3,D_86,2.9846725432342467,3.5120912192973686,70.03576603137044,2,0
1044,1,A_87,0.5377962641809292,4.411843095010188,149.99077449341365,4,2
1045,1,B_87,1.4865958028084973,4.198773208574771,99.94967871854249,4,1
1046,1,C_87,2.0053704311341267,3.7842539376155475,79.99966493598811,3,1
1047,1,D_87,2.962368637717095,3.5682966422610574,70.04093089449746,2,0
1048,2,A_87,0.5047964077224525,4.404018195701961,150.00994514003284,5,1
1049,2,B_87,1.5248515826969484,4.262537519355992,99.95558899725343,4,2
1050,2,C_87,2.013953713256651,3.71338787415519,79.9664126785831,3,1
1051,2,D_87,2.9006639401035157,3.540875970427682,70.00888536051151,2,0
1052,3,A_87,0.4792891605713628,4.418627900095505,149.94308931418178,5,1
1053,3,B_87,1.4968591654260899,4.1315448429021995,99.90787294399054,4,1
1054,3,C_87,2.02899239741881,3.784801610232079,79.90535040627944,3,2
1055,3,D_87,2.955372671549471,3.5690736514156933,70.0288974169746,1,0
1056,1,A_88,0.45347195333818363,4.531738143473998,150.040785516332,4,2
1057,1,B_88,1.5449486880704375,4.206210560657053,99.9472151810081,3,1
1058,1,C_88,1.9066115719448418,3.871879622915466,80.03649093005258,2,1
1059,1,D_88,2.964768420737795,3.562834934132672,69.93854961490283,2,0
1060,2,A_88,0.48617299743261533,4.569283991516477,149.95545290615937,4,1
1061,2,B_88,1.4854894466066622,4.153545461834923,100.03727793358594,4,2
1062,2,C_88,1.9627939291828196,3.8453265828588923,80.00556674439852,3,1
1063,2,D_88,3.086604820967758,3.5343979289086844,70.03024159895573,1,0
1064,3,A_88,0.48999561525534585,4.496189044983062,150.065641672662,5,1
1065,3,B_88,1.47927999523406,4.226290118659177,100.0615467109407,3,1
1066,3,C_88,2.023670326032551,3.7089846090860106,79.92934888263794,2,2
1067,3,D_88,3.0437435097658616,3.4015019535311453,70.07611012090572,1,0
1068,1,A_89,0.4530560807789478,4.512072093576531,150.01267529595657,4,2
1069,1,B_89,1.5706767421378138,4.104956449093492,100.06921292746513,3,1
1070,1,C_89,2.050868070045621,3.767736349580046,80.04903485103958,3,1
1071,1,D_89,3.021628692556325,3.5128087549161813,70.0313469513403,1,0
1072,2,A_89,0.5500397855152347,4.4596992379182,150.04164069685825,4,1
1073,2,B_89,1.469239852707421,4.207041189853942,99.9874522254894,3,2
1074,2,C_89,1.9942794346196078,3.7530985658974383,79.92100688212014,3,1
1075,2,D_89,2.972825542606169,3.55468615840575,70.01766061282417,2,0
1076,3,A_89,0.443705843792116,4.500339514123304,149.96717581553727,5,1
1077,3,B_89,1.469705147910854,4.156153930469118,99.92474593604243,3,1
1078,3,C_89,1.9816903855836567,3.9029303391431367,79.92961732042843,2,2
1079,3,D_89,3.0505442974016637,3.5059283707651185,69.91695405883725,2,0
1080,1,A_90,0.4536359105739216,4.394662204167156,150.05003179804459,5,2
1081,1,B_90,1.5437575954092253,4.157273997513398,100.06158086902923,4,1
1082,1,C_90,1.9398663709878794,3.8004292834552595,79.93425405299836,2,1
1083,1,D_90,3.0081907551735694,3.5853438604370025,69.9899321934013,1,0
1084,2,A_90,0.5061264051763356,4.4740308024793904,149.94585710946907,4,1
1085,2,B_90,1.552038162036712,4.265889225349323,99.95223493176033,4,2
1086,2,C_90,1.9615321727638757,3.824671891626438,79.99573904637906,3,1
1087,2,D_90,3.058451160555127,3.455043583388399,69.97612400726018,1,0
1088,3,A_90,0.5525616109524347,4.54805933309889,150.02460482437252,5,1
1089,3,B_90,1.5792405874124429,4.215507603644897,99.94735626984009,3,1
1090,3,C_90,2.115095948373935,3.7733184608053714,79.8988359193658,2,2
1091,3,D_90,2.9380173347946075,3.527053831053299,70.00593456772582,1,0
1092,1,A_91,0.43374796032366825,4.4746547108443675,150.0015226564223,5,2
1093,1,B_91,1.5564951043233453,4.1940576199699136,99.986840753531,4,1
1094,1,C_91,1.9477341637421612,3.7723619259711434,79.99909662543827,3,1
1095,1,D_91,3.0559374512785236,3.4753841309093403,69.94165684968036,2,0
1096,2,A_91,0.4965894239117835,4.54107837644797,149.9512765695453,5,1
1097,2,B_91,1.563442363718722,4.1354312511067075,100.0969127718249,4,2
1098,2,C_91,2.0252029083729823,3.842144723330305,80.02612196102022,2,1
1099,2,D_91,3.0670051775762253,3.504912873878679,70.05588097410892,1,0
1100,3,A_91,0.44902214202894447,4.551951062970977,150.03380222334675,4,1
1101,3,B_91,1.559226494014657,4.113098210802597,99.99760454617552,4,1
1102,3,C_91,2.0096740867312106,3.8067802730381373,80.06747115229349,2,2
1103,3,D_91,2.992994152529378,3.4323924037501707,70.09752662634409,1,0
1104,1,A_92,0.551442834862562,4.495051008306768,150.05761690139224,5,2
1105,1,B_92,1.402796595030212,4.189528051241875,100.07326024701278,4,1
1106,1,C_92,1.989332415626904,3.7795213218590726,80.00351801585498,2,1
1107,1,D_92,3.0105929438392653,3.558150878009145,69.95896358260312,1,0
1108,2,A_92,0.4381248380401877,4.421404366562979,150.0676074426759,5,1
1109,2,B_92,1.5097115306652367,4.268517111799352,99.96040175172617,4,2
1110,2,C_92,2.0121799618868543,3.8831776617644813,80.05238746883813,3,1
1111,2,D_92,3.0313425298382906,3.4693256226582925,70.04297536804202,2,0
1112,3,A_92,0.5568548898206329,4.5477635460979515,150.00436640730896,5,1
1113,3,B_92,1.5982646665323503,4.226408805360785,99.87163040406152,3,1
1114,3,C_92,2.0386406901627288,3.7990441232864347,79.99465870348178,2,2
1115,3,D_92,3.0184607530498733,3.535437288647076,69.9580289517624,1,0
1116,1,A_93,0.5173428934661832,4.483315065473244,149.90077288747082,5,2
1117,1,B_93,1.4854795542670916,4.196519964770918,100.00790748790264,3,1
1118,1,C_93,2.0132366678174245,3.7837830938629344,79.9448481872568,3,1
1119,1,D_93,2.9995733839819234,3.4083596576505197,70.0678403622585,2,0
1120,2,A_93,0.5404835965642433,4.45605009411796,149.95923359301005,5,1
1121,2,B_93,1.3929233899991478,4.264924268567656,99.99262272875802,3,2
1122,2,C_93,2.029575959352001,3.8080221710469924,80.12692582781487,2,1
1123,2,D_93,2.9901171004134137,3.568221391112735,70.01246815584105,2,0
1124,3,A_93,0.5270287408947996,4.5716159720676695,150.05561191241625,5,1
1125,3,B_93,1.550228802371347,4.230012151713563,99.95312304357394,3,1
1126,3,C_93,2.01547203169662,3.666680504075437,80.12163904249593,2,2
1127,3,D_93,3.051919688259936,3.5458822387607465,70.02961732386717,2,0
1128,1,A_94,0.5212311009230639,4.533909235362392,149.9553916568013,5,2
1129,1,B_94,1.4775155626020837,4.157222255441155,100.01085041056012,3,1
1130,1,C_94,1.9897512416394976,3.8022953188058883,80.01849411755573,3,1
1131,1,D_94,2.9525991244032537,3.494589151729918,69.98250724764826,2,0
1132,2,A_94,0.5581601179076056,4.4667782714949595,149.99656431695644,5,1
1133,2,B_94,1.4450421334309782,4.140640269674174,100.0400349227278,4,2
1134,2,C_94,2.0015425116047703,3.732948482477853,79.97524748431951,2,1
1135,2,D_94,3.037729470810906,3.450626904788288,69.93758786566862,1,0
1136,3,A_94,0.5506229130142394,4.49796054735651,149.90831225360745,4,1
1137,3,B_94,1.438948818003352,4.212393096600722,99.96726526947025,3,1
1138,3,C_94,2.008557901899808,3.791534189477214,80.0838112949286,3,2
1139,3,D_94,3.0139098589688325,3.533102861750446,70.00814596082566,2,0
1140,1,A_95,0.5437024762961472,4.504125209392046,149.99045057913102,5,2
1141,1,B_95,1.548418043023903,4.154013172498846,99.98663573306462,3,1
1142,1,C_95,2.06133192662106,3.7331478145937296,80.03282382914679,2,1
1143,1,D_95,3.040505293564591,3.494397381537926,69.84804551458042,1,0
1144,2,A_95,0.5321865941950994,4.511837737891722,150.01414839037588,4,1
1145,2,B_95,1.5133021388418597,4.180199836868217,99.91835668537568,4,2
1146,2,C_95,2.016755371775567,3.7585304066168193,80.00885923190623,2,1
1147,2,D_95,3.0533034319477492,3.591133267663582,70.0130906144481,1,0
1148,3,A_95,0.5569501124793044,4.505408401917121,149.91502507509998,4,1
1149,3,B_95,1.5632804474099964,4.187042859215497,100.02465196310791,3,1
1150,3,C_95,2.0083004805824602,3.7344553506804905,80.01557253076285,2,2
1151,3,D_95,2.8968015969944214,3.5338913956014184,69.96950320935602,1,0
1152,1,A_96,0.44367779622860276,4.552309847566153,150.00088819008502,5,2
1153,1,B_96,1.5129104248732133,4.259936102847397,100.02715887830583,3,1
1154,1,C_96,1.940142462874088,3.785214853693095,80.02968734864683,3,1
1155,1,D_96,2.945376010231459,3.491864230693956,69.91877028437862,1,0
1156,2,A_96,0.46433965953017375,4.439601857685644,150.00661942628176,5,1
1157,2,B_96,1.4649821511875099,4.148964902520288,100.05813877079044,4,2
1158,2,C_96,1.950441261677614,3.867108405020141,79.9421419680032,3,1
1159,2,D_96,3.055288095485785,3.502709215802101,69.93832871758255,1,0
1160,3,A_96,0.5353318773632975,4.566314178916877,149.9679988713132,5,1
1161,3,B_96,1.5005438272979392,4.19053072577737,100.02458522669907,3,1
1162,3,C_96,2.0462063019928585,3.7366123752041505,79.99178988200424,3,2
1163,3,D_96,2.9785475297187984,3.516260159989712,70.04170304773847,2,0
1164,1,A_97,0.46437434120329113,4.527989847934107,149.97529149061003,4,2
1165,1,B_97,1.5329032924878434,4.189428246859911,99.99754363653395,3,1
1166,1,C_97,2.025316901853638,3.682225501311501,79.93901780987193,2,1
1167,1,D_97,3.06920209085268,3.564014338904651,69.90372758060154,2,0
1168,2,A_97,0.5068924020303824,4.57915946347112,149.99697358374564,5,1
1169,2,B_97,1.5678671102339214,4.201298239073856,100.00028119800741,3,2
1170,2,C_97,1.9805624198332432,3.7820805846680665,80.00798843425697,3,1
1171,2,D_97,3.025062101250271,3.503677853509625,69.93749066687178,1,0
1172,3,A_97,0.4800096260102617,4.459343792241013,149.96912547473767,4,1
1173,3,B_97,1.448842855000777,4.225683001857074,99.93773159413676,4,1
1174,3,C_97,2.0047658892392084,3.8066351892990733,80.03931631085604,3,2
1175,3,D_97,2.981528085584221,3.563354842839658,70.03519387040011,2,0
1176,1,A_98,0.5593825303706783,4.455289674338056,150.01441572774164,5,2
1177,1,B_98,1.503716073100198,4.256088633001887,100.05927310909426,4,1
1178,1,C_98,2.0857398370878157,3.806454466657326,80.01777237821877,2,1
1179,1,D_98,3.033130058614949,3.4480321744419893,70.05854635393248,2,0
1180,2,A_98,0.5455106399789447,4.5281462333825395,149.9238408034401,4,1
1181,2,B_98,1.460954469572926,4.189549678107194,100.01621568303347,4,2
1182,2,C_98,2.0632969730081356,3.8248257095557436,80.00802880059516,3,1
1183,2,D_98,3.0822073682016327,3.5525908736992946,69.92800059383079,2,0
1184,3,A_98,0.5851769690090953,4.63256994243472,150.10441955254413,5,1
1185,3,B_98,1.5137150727510753,4.166722698074191,100.07741265824559,3,1
1186,3,C_98,2.1479161371358315,3.822831895832504,79.99188588238006,3,2
1187,3,D_98,2.999221248921997,3.544496427098826,69.92261607181392,1,0
1188,1,A_99,0.5168947199884124,4.453246147447879,150.00686630474863,4,2
1189,1,B_99,1.4869167613633583,4.180592456085569,100.00180572977227,3,1
1190,1,C_99,2.042193145339034,3.7884075254048133,79.89411918606045,2,1
1191,1,D_99,3.0218126855355387,3.54437286663965,69.98203528458014,2,0
1192,2,A_99,0.5023561222286296,4.473703767746212,150.0733859343039,5,1
1193,2,B_99,1.489618109591813,4.160565096073262,100.12335796957741,3,2
1194,2,C_99,1.9798192659387541,3.7041532823954846,80.0289365537816,3,1
1195,2,D_99,2.9416504372950834,3.5043106392437533,69.90561714088166,1,0
1196,3,A_99,0.5018316332683124,4.5426172291279086,149.9924870206851,4,1
1197,3,B_99,1.5253931588687777,4.23608884508732,100.05128908801228,4,1
1198,3,C_99,1.936438407794957,3.843113356634583,80.13383020727711,2,2
1199,3,D_99,2.961459101310127,3.5042706720005694,70.02819721611033,2,0
1200,1,A_100,0.5970292434850906,4.382564392281597,150.04732066468986,4,2
1201,1,B_100,1.5421694114274316,4.143721649853733,100.02684394009985,4,1
1202,1,C_100,2.0561773564363204,3.747181555269676,79.96307806560633,2,1
1203,1,D_100,3.0476196219345653,3.4352965863423184,69.90679091528476,1,0
1204,2,A_100,0.49200424430029494,4.406257508025691,149.92052090386076,5,1
1205,2,B_100,1.4106595415337828,4.252722533728872,100.04472408950808,4,2
1206,2,C_100,2.0183376037698815,3.847955930142996,79.92854998357004,2,1
1207,2,D_100,3.0525322470126635,3.419301554480942,69.9871801988925,1,0
1208,3,A_100,0.4577595992584006,4.555292894732609,149.99680126971805,4,1
1209,3,B_100,1.5233316248287763,4.184576279176522,100.05110816415481,4,1
1210,3,C_100,2.07470032259417,3.835840461866752,79.98423422110424,2,2
1211,3,D_100,2.9813505983148088,3.4888845960108936,69.95461382236724,2,0
